ID_Estudiante,Horas_Estudio,Asistencia_Pct,Calificacion_Final
Estudiante_1,12.487123327726149,60,56.92861232304839
Estudiante_2,28.62000057947765,88,91.20862401385372
Estudiante_3,22.495830370719343,94,82.7603673308222
Estudiante_4,18.762437557517025,99,74.34843687492786
Estudiante_5,6.368521932388223,73,43.16046662269471
Estudiante_6,6.367846569413674,94,45.242739325752666
Estudiante_7,3.626341140709585,79,37.40154146996958
Estudiante_8,26.252932081698184,72,92.4690505211592
Estudiante_9,18.831220328809845,97,71.79738797619002
Estudiante_10,21.826032178289275,67,72.92123671165922
Estudiante_11,2.5763658402824685,79,33.159387477236514
Estudiante_12,29.15747586053584,92,98.72444039999203
Estudiante_13,25.308393942411808,85,89.35730020481101
Estudiante_14,7.945495098991732,98,39.756743444198094
Estudiante_15,7.091099081798817,80,38.403521542864
Estudiante_16,7.135326275896147,100,47.050927103071984
Estudiante_17,10.518782802867056,68,51.13873639174102
Estudiante_18,16.693180085702657,83,69.45895300374714
Estudiante_19,14.094460521979242,96,60.34942480946994
Estudiante_20,10.154415925545171,100,50.50506437184592
Estudiante_21,19.131881052226625,76,76.58283785447055
Estudiante_22,5.905828098257171,83,37.70039133277344
Estudiante_23,10.18005015898611,80,50.834608505229205
Estudiante_24,12.258131612223368,98,53.796227875738246
Estudiante_25,14.769959558077003,100,60.18691398546325
Estudiante_26,23.98492691900438,98,83.7256288036364
Estudiante_27,7.590865900434073,72,44.86569983762004
Estudiante_28,16.398564275581123,70,64.0814162022989
Estudiante_29,18.58760792813719,78,76.49204432263704
Estudiante_30,3.3006115561599363,70,29.673099681521823
Estudiante_31,19.011255853240275,72,71.78065305645525
Estudiante_32,6.774675463244163,60,40.17776442501371
Estudiante_33,3.8214446035878256,99,40.341523046384495
Estudiante_34,28.56879504309333,78,97.20820671377965
Estudiante_35,29.037696926087666,71,100.0
Estudiante_36,24.63512574726091,67,80.6455728760044
Estudiante_37,10.52918553685438,67,52.39116490561298
Estudiante_38,4.734819192178748,71,40.39557116294062
Estudiante_39,21.158524742340397,92,78.22544781295268
Estudiante_40,14.324269824708836,85,65.0725960620335
Estudiante_41,5.417070575653807,98,36.47352263873303
Estudiante_42,15.864953483115563,87,70.29977346853123
Estudiante_43,2.962878591226115,64,41.602788972542285
Estudiante_44,27.4609712582059,67,92.20107390375613
Estudiante_45,9.245839484800474,84,46.33258862639809
Estudiante_46,20.55062396191149,86,82.19009781324954
Estudiante_47,10.727910130503506,82,58.13806390918161
Estudiante_48,16.561904592978703,89,64.31332137383369
Estudiante_49,17.30788782161183,82,66.58897228564614
Estudiante_50,7.175924754714757,79,41.812673451344864
Estudiante_51,29.14836957740764,77,92.493121899382
Estudiante_52,23.703719054111207,77,80.58468984934123
Estudiante_53,28.305970363797297,61,91.74836284248497
Estudiante_54,27.055165811974167,63,89.5667242695189
Estudiante_55,18.741199406710383,89,71.71425896722883
Estudiante_56,27.812478580647277,92,95.46805538176427
Estudiante_57,4.4777900574537455,95,42.39647711489067
Estudiante_58,7.487520147736065,77,39.725384206384994
Estudiante_59,3.266364089495066,96,37.103199817644
Estudiante_60,11.1092492613714,78,51.91716777652646
Estudiante_61,12.882964111305496,87,57.00955543965401
Estudiante_62,9.597772889669086,99,51.69371019283913
Estudiante_63,25.20465025625402,79,83.52073755438585
Estudiante_64,11.9890931474205,92,56.50237185328745
Estudiante_65,9.866166271246662,71,50.33122451096888
Estudiante_66,17.195490328430957,74,69.95853087711
Estudiante_67,5.945878299293354,100,41.02137032386466
Estudiante_68,24.46151546111311,98,95.97498921242634
Estudiante_69,4.087418023033584,61,32.66758512057869
Estudiante_70,29.632834224814484,88,96.95809774202894
Estudiante_71,23.62285354030641,100,81.56457174506697
Estudiante_72,7.564039082956827,69,41.68818923075105
Estudiante_73,2.154619279460867,61,27.836999689426097
Estudiante_74,24.83291999673536,70,91.8383661162686
Estudiante_75,21.79200562773328,72,85.16203106129261
Estudiante_76,22.412200705147644,69,78.7475165878712
Estudiante_77,23.59556970720648,73,80.65950197559928
Estudiante_79,12.037040399239633,68,52.8837088209752
Estudiante_80,5.244333666703632,98,40.64256143778112
Estudiante_81,26.16689592451662,87,91.22893189469676
Estudiante_82,19.45234755117162,62,67.56789241794012
Estudiante_83,11.265144695874175,79,59.35288254500568
Estudiante_84,3.7796338080086618,65,41.63259521240374
Estudiante_85,10.707505008038542,86,49.31760775815881
Estudiante_86,11.105133016748916,61,51.21202630212836
Estudiante_87,22.428972993465795,88,82.2158940465641
Estudiante_88,19.85160919794597,97,75.96685015481303
Estudiante_89,26.841956792137143,62,94.73906907103418
Estudiante_90,15.22201790453458,75,71.09586291640184
Estudiante_91,5.348638886272448,89,37.663808305704926
Estudiante_92,21.97085404224386,99,76.73394612745584
Estudiante_93,23.30198136127313,61,77.73767649112472
Estudiante_94,17.715761531945894,76,66.36568367009706
Estudiante_95,23.587081038727707,100,83.83519470532407
Estudiante_96,15.82627669820294,71,71.7439231995785
Estudiante_97,16.63651922269583,94,64.52085286059489
Estudiante_98,13.97114851403939,60,60.82302309165407
Estudiante_99,2.7117355488346653,74,31.71364728779565
Estudiante_100,5.020959955812525,85,42.30597298332365
Estudiante_101,2.880017199228559,96,42.30777270156588
Estudiante_102,19.81949151538585,80,72.42525369678334
Estudiante_103,10.801967470137146,90,50.047160905269976
Estudiante_104,16.239979352611677,84,69.77659188980547
Estudiante_105,27.411861269930604,82,96.25721913333176
Estudiante_106,8.980182416168498,83,54.83728534336538
Estudiante_107,13.490721844997632,97,61.06251735379794
Estudiante_108,23.155431879205363,87,81.45141133486518
Estudiante_109,8.406348633765429,80,48.37849090718281
Estudiante_110,4.155437475206204,77,39.82340801034714
Estudiante_111,10.113040681585504,95,53.56453042875322
Estudiante_112,6.514196043112124,94,43.31458623220949
Estudiante_113,28.031534265592047,68,99.34553442233673
Estudiante_114,24.627370627803675,97,91.24560893129188
Estudiante_115,19.735305182291857,89,79.86689891987976
Estudiante_116,26.40089652525609,93,93.5970808634988
Estudiante_117,24.502818153175205,91,85.5885730616706
Estudiante_118,7.223961648809004,62,43.6467588677558
Estudiante_119,26.991651957719377,62,97.30516576033186
Estudiante_120,17.10158277363822,87,64.48621425014662
Estudiante_121,24.60832434459375,74,87.99550409697598
Estudiante_122,27.09055639785781,100,91.15303574533507
Estudiante_123,10.90409729921219,82,52.375222539769744
Estudiante_124,5.081453886774949,99,42.817442167366565
Estudiante_125,8.382184551174367,70,46.719857650015534
Estudiante_126,13.959018081535175,91,60.083291396462535
Estudiante_127,24.904413445829807,95,81.82160905065484
Estudiante_128,26.100456331177615,92,93.23615509205293
Estudiante_129,2.19465965487334,83,33.06858586174765
Estudiante_130,16.30092447217184,98,74.40533007365144
Estudiante_131,13.687508088165812,93,57.98765728060253
Estudiante_132,8.219018693180447,87,46.42414804360688
Estudiante_133,5.356230285343118,96,39.38811044820081
Estudiante_134,11.453224799301584,66,59.94287511730786
Estudiante_135,28.40147170955053,63,95.62249714432852
Estudiante_136,11.049682096581147,96,53.74029134453423
Estudiante_137,16.52613740881425,60,68.74692956090178
Estudiante_138,21.68453084906498,60,79.95776361528789
Estudiante_139,12.181628866620231,79,53.66833770834846
Estudiante_140,29.209898316186894,78,98.80110576206047
Estudiante_141,28.94852425837912,88,100.0
Estudiante_142,9.049904283110196,69,43.518699510131256
Estudiante_143,15.922958164986792,77,65.33927410905447
Estudiante_144,10.424592674869553,87,48.26099842741719
Estudiante_145,9.975533842569092,94,54.7190211221221
Estudiante_146,3.0328345259269183,90,26.4893386956822
Estudiante_147,19.06780135143711,86,70.43381598950643
Estudiante_148,16.07501265040812,70,66.69637912627839
Estudiante_149,3.441405034999702,97,39.86560870443662
Estudiante_150,9.80210099862512,64,49.24225145227085
Estudiante_151,27.431444807066303,67,91.35781391089296
Estudiante_152,8.707732938675228,93,54.29396062445044
Estudiante_153,6.057056418554247,71,34.35058544472064
Estudiante_154,15.704677287771764,97,55.46646939294909
Estudiante_155,29.59821271509682,60,100.0
Estudiante_156,8.777547602322011,90,44.935652108394585
Estudiante_157,20.8197953273646,63,72.96455704988865
Estudiante_158,23.325349229204093,64,86.14679886220765
Estudiante_159,8.65385123178719,89,47.60983093455277
Estudiante_160,22.39005776113207,83,78.71882987988327
Estudiante_161,12.29792771613909,62,50.62360169566415
Estudiante_163,19.73883190130505,63,76.94788446509726
Estudiante_164,17.001691154093237,85,67.10752443011556
Estudiante_165,4.5281135615234325,86,43.70683188799924
Estudiante_166,25.388469876498664,86,84.19083562594204
Estudiante_167,10.981841819208604,65,46.35250386432255
Estudiante_168,7.222518291195918,74,40.28866344846482
Estudiante_169,3.1417039635333897,89,32.67191584341148
Estudiante_170,18.54500240927077,96,72.33586382046771
Estudiante_171,20.971802131583907,96,76.46456109753444
Estudiante_173,16.338605632379867,94,60.8403563841879
Estudiante_174,8.341881705542264,82,51.62976268014869
Estudiante_175,20.0648381314646,65,74.83349061509122
Estudiante_176,6.88226001213976,63,46.67483335670191
Estudiante_177,21.34625666686905,77,79.73654305268343
Estudiante_178,12.828589696415047,68,58.89848711765276
Estudiante_179,28.228439684628565,88,97.85016833250022
Estudiante_180,5.850586436087811,72,41.41730033028878
Estudiante_181,11.549857829407236,76,56.44553561298827
Estudiante_182,5.177258594736494,91,43.25975660737096
Estudiante_183,27.89142131179976,81,95.51463795830529
Estudiante_184,26.56550189466747,63,94.24976976702273
Estudiante_185,9.222365576024355,64,47.69697116291199
Estudiante_186,20.47955328895701,96,81.95935208419043
Estudiante_187,24.882221605634044,100,84.49998480584803
Estudiante_188,17.545622724784945,72,76.06781854360564
Estudiante_189,16.830216193968184,93,66.91490868234308
Estudiante_190,8.771864145212646,81,41.206559954559424
Estudiante_191,4.6068774985651775,82,37.0296114060561
Estudiante_192,27.12204122269315,62,90.08089642683336
Estudiante_193,27.211705600573254,93,96.39183819738804
Estudiante_194,19.726840803651505,91,71.70660609191918
Estudiante_195,11.49283414936362,80,51.94735164054993
Estudiante_196,11.777868089154506,80,46.88650729910414
Estudiante_197,22.326759008366704,70,79.00767224392047
Estudiante_198,27.11908727867216,98,83.10220089016457
Estudiante_199,26.838419879423284,63,85.76043840461531
Estudiante_200,23.83651528401347,60,87.63294683461086
Estudiante_201,19.976886092320058,87,78.08541586540348
Estudiante_202,4.355919019861368,83,37.59162779679328
Estudiante_203,6.5256039946491855,94,37.446105414106114
Estudiante_204,27.15951727875822,72,92.70794777232764
Estudiante_205,18.98001367046852,93,72.43562401980903
Estudiante_206,2.25751744526563,70,26.010334856393904
Estudiante_207,4.8412032002488985,95,43.11660120769085
Estudiante_208,20.578049535025563,76,79.9545729998666
Estudiante_209,2.1417243476941232,94,29.47045417391665
Estudiante_210,6.502625439689963,77,41.36410695520303
Estudiante_211,17.364546102264413,99,69.24489648745123
Estudiante_212,21.37306553539541,81,70.26572436479137
Estudiante_213,20.25491526607281,83,74.64857863509965
Estudiante_214,8.279540664895674,78,42.97091467024799
Estudiante_215,21.941018197731005,96,75.84606545474786
Estudiante_216,8.642974449910401,98,45.483034953232185
Estudiante_217,11.111191548459496,80,59.96872497854683
Estudiante_218,22.90175934330468,67,84.81776980332972
Estudiante_219,20.18972117332201,87,73.18958697417384
Estudiante_220,25.778255493836983,64,91.7359698600171
Estudiante_221,20.41316098440961,76,81.63032420736805
Estudiante_222,17.912640893393206,96,73.4801369651341
Estudiante_223,4.622893499186589,95,36.79575522764717
Estudiante_224,12.296042485664138,78,53.15235910333806
Estudiante_226,8.831710014614341,93,48.65321657822285
Estudiante_227,29.24429553306848,70,100.0
Estudiante_228,13.006736290669291,71,60.05752793340111
Estudiante_229,26.97730354495917,80,96.64146972367529
Estudiante_230,19.67188152792336,70,72.03876297356612
Estudiante_231,24.25471649916616,98,90.9063675104527
Estudiante_232,16.07383860694538,87,65.97499493613304
Estudiante_233,18.153308769538054,64,78.6843154143462
Estudiante_234,15.790495426928189,76,61.71948729496221
Estudiante_235,7.466803658345245,79,50.61086435852411
Estudiante_236,22.228659227322147,100,81.36329120215595
Estudiante_237,9.861626148343962,71,47.04839335640211
Estudiante_238,2.6808470600807075,65,29.766574313984485
Estudiante_239,20.0732242854007,76,73.90167148072446
Estudiante_240,6.95909902339737,78,44.09441134410109
Estudiante_241,28.3328403618816,85,97.923442856846
Estudiante_242,28.710000156072446,91,94.4802003744268
Estudiante_243,27.61620292617256,65,93.94308894638746
Estudiante_244,12.364443607152444,95,64.48019045232857
Estudiante_245,2.432785262808288,97,37.99213583742357
Estudiante_246,27.99291975245631,70,96.7275940598369
Estudiante_247,13.9891561528848,92,60.1249042948848
Estudiante_248,29.06633493322275,83,98.14596263992992
Estudiante_249,28.98135935849908,82,99.90747028716936
Estudiante_250,25.88426475308608,74,85.61949162192158
Estudiante_251,10.2445689779484,86,49.581916295177614
Estudiante_252,12.782736400853906,70,50.28250470662441
Estudiante_253,25.831826802471998,76,91.1764594966011
Estudiante_254,10.873816144375777,73,54.7733241197504
Estudiante_255,6.74579690721059,86,39.93174641882898
Estudiante_256,17.590435348833804,77,75.27203542524465
Estudiante_257,28.212333676501867,87,90.6277715392453
Estudiante_258,21.488834306899243,63,72.86458624640882
Estudiante_259,17.96171276250222,66,70.80208918049544
Estudiante_260,4.720941825581519,94,40.990747774402415
Estudiante_261,19.220202347576752,68,79.78621663477335
Estudiante_262,29.721507802919373,67,97.46823245582269
Estudiante_263,5.922352426622673,76,44.12060440028186
Estudiante_264,16.513230266184628,76,66.12904178745873
Estudiante_265,26.566446013982752,92,90.7256058351936
Estudiante_267,21.516440747867502,67,81.40039338332242
Estudiante_268,21.66955435163906,78,72.86831725116066
Estudiante_269,12.065752234153145,97,61.07054198428644
Estudiante_270,10.220571639405817,62,56.07179451510434
Estudiante_271,24.66211235339838,64,84.15303007745783
Estudiante_272,24.68317505101706,72,88.29115176129228
Estudiante_273,26.278024920242903,90,92.67118304573822
Estudiante_274,27.570735471581195,75,94.9695337422486
Estudiante_275,16.317587168106257,91,63.59274730488397
Estudiante_276,16.04245625124159,81,62.419647156351765
Estudiante_277,24.352265011069704,88,85.77844624370847
Estudiante_278,20.198990061777423,81,80.188391231481
Estudiante_279,21.655072563215693,62,81.31208202641697
Estudiante_280,24.28219474421083,69,84.22302953218265
Estudiante_281,26.92014957089185,80,95.38716876982302
Estudiante_282,11.463864391843003,75,42.26549049708721
Estudiante_283,12.516322673918433,71,60.88586948628449
Estudiante_284,4.631494315544332,61,29.619880673748423
Estudiante_285,18.19184394789287,100,69.02984610411964
Estudiante_286,3.0063836663087784,83,28.03727958726737
Estudiante_287,15.036744507708883,94,57.4131353663886
Estudiante_288,17.194049771812146,89,72.62843157904445
Estudiante_289,10.023155059591964,89,48.18708284373235
Estudiante_290,18.5433312959323,94,72.74434376675362
Estudiante_291,2.854006998293384,78,31.94733518021672
Estudiante_292,3.045749284978004,67,34.52253652133749
Estudiante_293,25.03281569847043,85,87.88932681041709
Estudiante_294,12.08533795951536,99,50.08137600203412
Estudiante_295,5.557694354252774,66,42.879303163420495
Estudiante_296,16.622811281534524,89,64.58200187119105
Estudiante_297,23.559819486761103,66,77.67322112226375
Estudiante_298,8.04298876991161,62,43.39501128091537
Estudiante_299,19.440933322932008,60,79.60537246986726
Estudiante_300,4.389729019825504,95,39.37520951801773
Estudiante_301,3.4470881927210155,84,32.2231119441711
Estudiante_302,16.877929683908143,96,65.79779339249664
Estudiante_303,17.137783405082985,60,66.55791830783794
Estudiante_304,19.848037241949783,74,82.92708503911783
Estudiante_305,22.330557344234524,96,82.35413516951252
Estudiante_306,29.323858224950968,72,100.0
Estudiante_307,16.45640975243347,99,70.26215819721104
Estudiante_308,11.042781242354888,67,53.56210974199328
Estudiante_309,24.265213453523703,64,84.62686505052643
Estudiante_310,9.583303035338078,68,48.17285819200528
Estudiante_311,14.291199779757813,60,60.44159441173827
Estudiante_312,4.196778677583447,95,35.343057747919254
Estudiante_313,2.7098208156328103,94,34.68507021362994
Estudiante_314,28.9541556109819,61,97.59317257068396
Estudiante_315,25.407443374341764,99,91.44916874471672
Estudiante_316,21.487277770623542,82,78.39532810612452
Estudiante_317,13.450682443599558,68,58.94124687026326
Estudiante_318,6.852240961983682,93,34.13779966683077
Estudiante_319,6.380237194790409,73,44.615903685785945
Estudiante_320,9.00680114860867,63,48.90295677511365
Estudiante_321,17.378346611771374,89,72.43790696886704
Estudiante_322,22.008685835601742,90,68.4366930762296
Estudiante_323,20.48552654809648,97,84.5673151893641
Estudiante_324,9.8381491144864,70,49.0370142735953
Estudiante_325,28.73622785856944,94,100.0
Estudiante_326,22.66111366748152,67,77.49316046020166
Estudiante_327,17.52191347031922,62,71.25587929604833
Estudiante_328,19.12818089456186,73,68.60678998371004
Estudiante_330,8.93646770603241,91,54.997294680548166
Estudiante_331,11.967235002235324,93,54.15535790253493
Estudiante_332,23.219691093002336,78,83.91895922522474
Estudiante_333,2.4030176816331643,97,34.48781512683793
Estudiante_334,5.250033934193654,75,40.10781238737455
Estudiante_335,3.288073976609077,61,33.821860562096994
Estudiante_336,3.140406464931164,99,34.31086017219281
Estudiante_337,25.9528963523082,76,99.4959032217236
Estudiante_338,21.702420062640662,93,79.02557496846732
Estudiante_339,15.276867214445105,75,63.99656422297263
Estudiante_340,4.739356498228041,97,41.05100882960055
Estudiante_341,15.765244503271306,61,68.83521499001021
Estudiante_342,15.25720958185584,61,67.89114517688112
Estudiante_343,6.849652357480425,85,44.679051781817805
Estudiante_344,14.147846178663244,72,55.797595795736186
Estudiante_345,13.158132563126456,90,64.42905753702053
Estudiante_346,19.243802745462062,93,68.5241252915804
Estudiante_347,19.782622224294027,98,75.6670974216912
Estudiante_348,3.2685122736172465,62,30.154177283965687
Estudiante_349,12.489153209541191,67,55.96632963748102
Estudiante_350,19.52407763999862,82,75.12524374121047
Estudiante_351,16.087815240242456,73,66.50496696240724
Estudiante_352,25.981715553273023,86,91.64197190012368
Estudiante_353,20.44342168533046,88,82.56339928956075
Estudiante_354,6.562163958280031,98,43.21954710175599
Estudiante_355,3.975924927212036,98,33.9631857768675
Estudiante_356,19.98773978977684,60,78.82569814759553
Estudiante_357,2.7423166951654108,76,36.61367369361209
Estudiante_358,18.401716275656973,100,66.09385942859447
Estudiante_359,28.32644675989881,89,98.20571717914646
Estudiante_360,18.11327698052461,72,73.08788342055512
Estudiante_361,12.868757933782614,80,55.98164082101657
Estudiante_362,20.01207011638589,78,80.5330025442112
Estudiante_363,14.831080933762465,78,61.47747998627605
Estudiante_364,17.277270100846177,84,68.69548106600162
Estudiante_365,28.361014645742703,81,95.21024931722128
Estudiante_366,12.81087385842168,90,57.08950083638007
Estudiante_367,28.9133357870696,76,92.8982391200932
Estudiante_368,27.349817974769785,82,87.61434140654728
Estudiante_369,7.4821517741003,91,50.08339968815064
Estudiante_370,3.9421164245046327,69,31.467445667988272
Estudiante_371,4.821784038567946,69,33.08889069859464
Estudiante_372,2.5102111182433924,95,22.661967341193623
Estudiante_373,4.644402901165995,67,34.05516026215698
Estudiante_374,21.124189655657997,79,72.518114965515
Estudiante_375,3.993282156886412,91,41.551266032761504
Estudiante_376,10.931317648225315,73,56.36756247793383
Estudiante_377,25.656508707144727,87,86.38867038715092
Estudiante_378,2.651614200603124,83,40.63877872288505
Estudiante_379,24.8051175124902,74,90.93985572919188
Estudiante_380,9.891933693655195,81,48.43050870010351
Estudiante_381,5.308615173406375,89,28.273915074021645
Estudiante_382,21.50864063019622,63,87.93537186585351
Estudiante_383,19.610399709836752,72,68.4677094075375
Estudiante_384,26.56921637875748,82,84.84144595906614
Estudiante_385,22.581989226508803,67,85.54525479431057
Estudiante_386,24.49746605077576,77,96.00267475229649
Estudiante_387,9.896968031996582,71,55.27951135403353
Estudiante_388,6.968307225832239,90,44.67640454479004
Estudiante_389,23.017213045944036,73,84.92204998152123
Estudiante_390,24.591372699483397,93,89.89209398382972
Estudiante_391,29.734143976018853,77,100.0
Estudiante_392,13.55329495351994,93,60.00800307967735
Estudiante_393,12.416506402197928,70,56.45807042130232
Estudiante_394,23.739562900775912,100,84.09853474034169
Estudiante_395,11.5424991270845,71,50.84038946224455
Estudiante_396,28.061205116899814,74,94.03031248478244
Estudiante_397,26.03555705160433,90,83.31706537222928
Estudiante_398,14.011832766500516,88,59.63622340907229
Estudiante_399,23.024389898161928,85,78.60661031680115
Estudiante_400,23.127200474371104,77,78.40364391706467
Estudiante_401,4.887468327406113,91,37.93824742312919
Estudiante_402,27.271481387027865,81,98.74671261294806
Estudiante_404,25.140809051016767,76,81.5700202130492
Estudiante_405,10.961388828857128,82,48.44495952586147
Estudiante_406,27.074650397893613,83,96.44971074668688
Estudiante_407,12.897647004556568,67,53.31416793723818
Estudiante_408,2.303454241448354,100,29.860103003632787
Estudiante_409,27.35069533973938,65,95.57694674544666
Estudiante_410,4.55602695001174,64,32.51668955557481
Estudiante_411,10.940781852531616,88,52.77345665591288
Estudiante_412,28.60173507742254,87,91.16823571388352
Estudiante_413,28.61700011425157,70,94.13702970982408
Estudiante_414,18.05626086745201,60,71.41977990520017
Estudiante_415,19.69144194075438,78,67.85662991775926
Estudiante_416,14.556474615392954,68,63.15308549032398
Estudiante_417,10.209901607545806,86,50.44620282315779
Estudiante_418,11.202607270357646,93,55.21647799356271
Estudiante_419,20.830516770157075,63,77.97194846165134
Estudiante_420,23.06648682425504,95,88.12277878053297
Estudiante_421,24.16421322432376,77,85.91143107140103
Estudiante_422,24.10930799824751,74,83.55564783111777
Estudiante_423,4.55377088536333,72,36.873617225537465
Estudiante_424,15.843768531672282,78,66.78261344532626
Estudiante_425,3.61164528046604,65,34.22455348246792
Estudiante_426,17.386808705064595,71,68.62938852747702
Estudiante_427,14.362854038454556,96,58.09916834490937
Estudiante_428,26.855717117232395,76,89.48768912287719
Estudiante_429,11.825620351458204,82,48.95362979144674
Estudiante_430,5.277876459972964,85,45.192998122680166
Estudiante_431,6.003767097479404,88,35.03396480213337
Estudiante_432,23.322297688089225,92,80.53412342903943
Estudiante_433,19.31010577285531,86,70.40163536986148
Estudiante_435,4.354990571219928,69,34.70767771488171
Estudiante_436,21.62713568085536,82,84.05880749283334
Estudiante_437,4.037364178197419,80,32.39944794851807
Estudiante_438,25.01208166012997,80,88.64618079922015
Estudiante_439,21.77478236038189,72,76.0955676879157
Estudiante_440,4.277765857973193,96,44.27501115602654
Estudiante_441,4.375455994385374,92,31.188246309845383
Estudiante_442,29.625908198032917,83,100.0
Estudiante_443,12.47958228117137,70,58.734063226656815
Estudiante_444,12.377980117872946,76,57.60014668448836
Estudiante_445,24.758387883210077,63,86.15481907251434
Estudiante_446,28.52296016674804,84,95.7881176179364
Estudiante_447,29.608029787040387,89,99.1953203555174
Estudiante_449,12.53526839486564,80,60.19368745434375
Estudiante_450,4.338020067562725,79,44.68714217527221
Estudiante_451,23.76011364596823,78,82.17031697488923
Estudiante_452,17.635318992602542,78,63.60908556319005
Estudiante_453,13.878216258915336,71,59.34241245388332
Estudiante_454,27.377922782652607,96,100.0
Estudiante_455,5.113529504572238,76,34.56912548955167
Estudiante_456,15.793502920144055,96,71.04022452213641
Estudiante_457,2.317902053487734,98,37.5055583900251
Estudiante_458,15.122497975835536,87,60.591891972756855
Estudiante_459,3.576491719091446,100,36.21716161446971
Estudiante_460,5.326901655506013,94,44.83084063127919
Estudiante_461,5.290734909758937,77,36.71032631044739
Estudiante_462,20.17788845924978,73,74.630399707715
Estudiante_463,22.88925661943185,94,79.89641789278505
Estudiante_464,18.334325422720468,100,66.7767866340297
Estudiante_465,28.940831357287173,66,94.75496821295393
Estudiante_466,12.496376226663712,100,51.34517949961025
Estudiante_467,9.9999384158921,72,50.13617991276716
Estudiante_468,26.320775589304887,77,87.72204604902765
Estudiante_469,8.260683478544674,96,46.58685234352468
Estudiante_470,28.97023110433712,72,91.20199517602828
Estudiante_471,2.3403252913148576,95,32.17433415714497
Estudiante_472,29.156607147813894,90,100.0
Estudiante_473,3.208477534616131,61,25.046251266254504
Estudiante_474,26.95200718354599,75,93.87624423825528
Estudiante_475,16.775631054416394,68,71.84975360593415
Estudiante_476,29.80301429134041,68,94.6689716535862
Estudiante_477,4.066303812591168,97,41.85604907882873
Estudiante_478,17.507919963236983,70,70.44587594555665
Estudiante_479,29.14047099733477,81,95.03113007030328
Estudiante_480,16.646739636764167,92,66.39377278127958
Estudiante_481,19.623161867787356,95,76.29121231955527
Estudiante_482,21.48096329156928,82,79.00642979457285
Estudiante_483,14.72714981349765,93,63.9728985035296
Estudiante_484,19.571626242353776,68,70.24637123356696
Estudiante_485,18.36080073384681,83,71.57944513076134
Estudiante_486,27.23242429374769,67,87.42620274674931
Estudiante_487,3.2724986495608204,66,32.73634237850725
Estudiante_488,9.86696930858245,95,46.05179270559697
Estudiante_489,28.611521554143643,77,93.58668411500004
Estudiante_490,26.927385948945656,62,97.26283757320589
Estudiante_491,14.75838907799996,87,66.26121317737699
Estudiante_492,19.363712738443027,65,75.84583432973628
Estudiante_493,9.766673123471715,80,45.047431749988974
Estudiante_494,7.267392472265317,87,41.90284738188409
Estudiante_495,14.9835553383195,99,67.31127914571549
Estudiante_496,11.89386238472948,60,55.301523616383314
Estudiante_497,18.342371131824414,95,80.13324598948782
Estudiante_498,4.176569835019576,80,37.01469594512643
Estudiante_499,29.283054614652663,94,98.97583300259178
Estudiante_500,29.61390084542888,72,97.7982862567622
Estudiante_501,21.548527992552863,69,79.40548360051129
Estudiante_502,17.01069825763537,69,66.91686629856625
Estudiante_503,10.666773256017176,72,54.499367846797306
Estudiante_504,24.78626055179456,96,90.79246064666474
Estudiante_505,21.17247283150862,97,74.78722423673976
Estudiante_506,6.553274301656956,83,36.05825393991128
Estudiante_507,27.50596116582759,61,86.42008142215579
Estudiante_508,25.03104280184873,81,89.609572312272
Estudiante_509,28.59439757217387,76,92.07252750573916
Estudiante_510,22.32014623487408,95,72.18880321537526
Estudiante_511,19.175625486202115,73,74.49337813362914
Estudiante_512,13.710805016137328,69,69.24901061007448
Estudiante_513,28.11639753391237,94,95.26671018862136
Estudiante_514,26.249788906011435,84,93.97843536283516
Estudiante_515,3.2661227629733034,62,33.492624341623525
Estudiante_516,2.738275285923056,97,31.45012960204307
Estudiante_517,12.54097427258539,76,60.02874161341455
Estudiante_518,24.69549326189132,71,85.5776349779737
Estudiante_519,29.643731620818446,83,100.0
Estudiante_520,6.211672950898789,88,41.81597360203102
Estudiante_521,18.635660029859785,84,68.91678826007727
Estudiante_522,12.664943985668602,95,60.63052936231759
Estudiante_523,29.157603138808888,85,97.1941688202406
Estudiante_524,25.579329847799844,97,85.92534398152823
Estudiante_526,15.123408474259168,79,59.21464925848377
Estudiante_527,13.614946065454625,87,59.15008979311308
Estudiante_528,9.655398014059774,75,49.10201904857262
Estudiante_529,3.578513906225959,76,38.28986702889121
Estudiante_530,26.21222653514149,99,92.42935926937352
Estudiante_532,29.992094852011657,71,100.0
Estudiante_533,29.90583143806935,86,100.0
Estudiante_534,17.55208775687357,89,71.11146061759136
Estudiante_535,23.53164762505429,100,83.87052954200925
Estudiante_536,28.453440436707982,93,90.88625616236932
Estudiante_537,25.79012693896752,96,85.21486269511732
Estudiante_538,8.925746848809535,65,46.09346830460517
Estudiante_539,14.615235788682618,66,59.10004066306941
Estudiante_540,5.61646362424186,91,38.293273848662864
Estudiante_541,28.713428763244227,91,97.010171607699
Estudiante_542,18.97288976462464,84,74.55099542898853
Estudiante_543,8.401998554096956,92,45.72300127300603
Estudiante_544,20.807619163363988,66,78.96505448371478
Estudiante_545,19.307590732821083,71,73.5268744912932
Estudiante_546,12.028556104919534,75,47.16952399688335
Estudiante_547,5.179612581589613,75,34.19168987869901
Estudiante_548,20.80404947659839,95,76.43377346860952
Estudiante_549,16.56861562530621,72,61.58276009190109
Estudiante_550,23.6249149685979,66,86.46200234147956
Estudiante_551,16.564578031135817,95,72.53444840721434
Estudiante_552,25.861082008919123,68,94.52775242908707
Estudiante_553,17.453391485685593,91,67.77970723049314
Estudiante_554,17.706263202990815,70,75.22856255487685
Estudiante_555,26.546300874433665,67,91.9604220148926
Estudiante_556,13.297520253947116,92,56.89545675039563
Estudiante_557,5.75242639661794,82,36.92745533738109
Estudiante_558,2.8059149367734912,84,30.80490859598121
Estudiante_559,23.143843158861333,67,81.30690062298841
Estudiante_560,19.36866743789701,81,74.10333348424447
Estudiante_561,21.71423350677826,63,79.92787969114511
Estudiante_562,7.962996522249501,99,44.91967538623741
Estudiante_563,5.818401316429553,62,41.29375597005929
Estudiante_564,2.407250638700694,88,35.7807116958971
Estudiante_565,11.816451646584715,100,58.33934565822708
Estudiante_566,18.517695231929725,88,65.3546462060247
Estudiante_567,12.982833262792504,93,47.24139861737344
Estudiante_568,14.249297816664413,93,64.36052418661812
Estudiante_569,27.316443445824955,87,87.82359382090071
Estudiante_570,11.75115307665241,72,53.478821084060286
Estudiante_571,16.391705696474702,74,61.29881213694932
Estudiante_572,23.942284356752005,82,77.64778914155993
Estudiante_573,13.103197904995564,85,59.92384567530807
Estudiante_574,19.418427606380455,63,76.58268965716174
Estudiante_575,26.146183844908865,85,88.05941800936529
Estudiante_576,28.586577462413977,99,86.1022744874553
Estudiante_577,6.118057466013062,68,38.110165872022726
Estudiante_578,27.94445350452184,64,96.4283497829148
Estudiante_579,15.77925620622707,91,58.53249424047116
Estudiante_580,9.230842872370834,79,48.81054686004371
Estudiante_581,14.855801174671315,70,62.07826353998631
Estudiante_582,29.44091210799336,74,100.0
Estudiante_583,15.793306631800348,91,64.96158805315748
Estudiante_584,11.20504508805023,87,49.12033695659935
Estudiante_585,19.73522392086832,81,79.12434580882876
Estudiante_586,8.724077325789406,100,46.17607502236564
Estudiante_587,4.12417318704259,76,35.20121480956674
Estudiante_588,5.608632213498178,85,35.28850869745266
Estudiante_589,5.585283490817629,66,37.19007972227804
Estudiante_590,6.253275418344241,85,37.09397768975301
Estudiante_591,5.887160834183484,84,39.02611784576502
Estudiante_592,19.944492854490008,69,81.7080660567944
Estudiante_593,7.092642363176055,78,37.24400133621471
Estudiante_594,11.67868393306817,70,47.74246424116346
Estudiante_595,27.11007547736833,72,98.65987000339528
Estudiante_596,15.270925927360429,67,62.3400201097936
Estudiante_597,20.69161667858876,99,74.05275074183224
Estudiante_598,6.824956393645635,63,46.22200973369839
Estudiante_599,7.384092526642782,90,41.0377691576595
Estudiante_600,3.144321255461408,87,40.16484199284127
Estudiante_601,6.730181766020607,70,44.537157900408594
Estudiante_602,9.800529492894842,60,47.54967809965429
Estudiante_603,6.956293559748911,97,51.01996675243429
Estudiante_604,4.483670945197558,83,33.786317670980544
Estudiante_605,5.377804390816823,90,41.41289246507929
Estudiante_606,14.901805504916322,100,63.45168408391677
Estudiante_607,7.77734411536219,85,49.65032544600066
Estudiante_608,12.199556109346112,64,61.74493506027269
Estudiante_609,16.095683583935994,79,65.36722555610305
Estudiante_610,21.331055201622227,100,75.31396652267084
Estudiante_611,3.10073991555077,70,34.59173836063339
Estudiante_612,24.383491169453198,92,83.24786644462455
Estudiante_613,19.58121090574542,97,82.00657625447005
Estudiante_614,4.289252894568413,86,36.269273560751984
Estudiante_615,26.460201474989763,93,89.68921748222597
Estudiante_616,27.78442721489077,74,95.19978926068656
Estudiante_617,3.710182875936185,91,28.88695203172168
Estudiante_618,9.752574148121704,80,45.494979216261655
Estudiante_619,24.57363583420572,64,91.235745217292
Estudiante_620,22.951271330742436,65,79.75060121097049
Estudiante_621,7.166588541978565,97,38.72882742421865
Estudiante_622,7.861781053427888,81,46.80106364367887
Estudiante_623,12.373218878158696,77,60.675863814048725
Estudiante_624,15.566643585348595,73,66.79242220603176
Estudiante_625,19.311133602848287,69,77.26202475034398
Estudiante_626,12.329581907953628,72,52.79677441560622
Estudiante_627,14.95097205172814,90,56.69018746235298
Estudiante_628,22.929186267745184,89,88.32830027718491
Estudiante_629,3.027129680936741,62,31.27710484697331
Estudiante_630,9.068234441632582,89,46.66725403826126
Estudiante_631,21.97378840476747,65,85.2472475793149
Estudiante_632,27.06579145524158,88,94.8893986757066
Estudiante_633,16.32696837923865,67,67.64097203642305
Estudiante_634,16.899177587428838,92,75.90795334817642
Estudiante_635,5.0008163175137295,76,34.92796787226375
Estudiante_636,14.52754627105673,70,65.03022618996677
Estudiante_637,16.91328346074065,72,67.51126115143997
Estudiante_638,8.789174101772431,70,48.04730436988411
Estudiante_639,9.538810466582667,90,54.9608998721068
Estudiante_640,12.563956566929434,87,58.44123444248208
Estudiante_641,2.5619935377763383,65,33.558168160639376
Estudiante_642,11.018216636328992,100,56.835570940061686
Estudiante_643,7.92054419590325,75,43.34154957158658
Estudiante_644,11.16992586098161,63,49.567975983098
Estudiante_645,5.353339690939034,94,34.204112451263455
Estudiante_646,26.93476386071706,85,84.47148329428865
Estudiante_647,18.62058869951336,71,79.77630026854469
Estudiante_648,21.014864936045708,70,73.12432887722753
Estudiante_649,24.096794681005477,96,84.3569722081706
Estudiante_650,15.956381570013605,84,63.783700725478326
Estudiante_651,4.433768066447863,77,37.31404695735606
Estudiante_652,17.038983170919337,78,70.86040677745552
Estudiante_653,18.431551304584616,82,74.52077221490052
Estudiante_654,22.87230527716124,97,79.84845343862735
Estudiante_655,14.086467294431024,77,59.54768138093191
Estudiante_656,5.572248478275785,85,40.06094099764266
Estudiante_657,9.945725362364286,65,48.86954890117653
Estudiante_658,12.166304299161784,63,61.84514305198443
Estudiante_659,20.08568275728484,88,77.1781066997651
Estudiante_660,17.981792530729532,93,72.89399247102311
Estudiante_661,11.970708325139697,76,57.57829588751889
Estudiante_662,29.62242696620343,75,100.0
Estudiante_663,18.96169494199284,61,73.12832358979693
Estudiante_664,8.642350168607845,93,41.41854762969623
Estudiante_665,4.849909233371305,67,38.72352489043883
Estudiante_666,6.280055897161297,72,38.09471216773593
Estudiante_667,8.886816394766228,67,45.102574259916544
Estudiante_668,6.499078451267559,89,43.59315220318927
Estudiante_669,7.223876673436561,91,48.01282396932594
Estudiante_670,9.98266472342772,95,50.04174811551354
Estudiante_671,6.854460668253135,89,43.371483721028696
Estudiante_672,27.109431889539906,60,99.58243950239071
Estudiante_673,4.246544878525982,98,36.57937491426922
Estudiante_674,16.68631890796713,76,77.12252972663941
Estudiante_675,13.491111155710522,79,60.98981647180248
Estudiante_676,29.506601273440975,83,91.72345214697918
Estudiante_677,5.137089260705466,81,40.85608963618179
Estudiante_678,13.139956773280764,88,59.37452547273303
Estudiante_679,29.14517213171033,81,100.0
Estudiante_680,26.23419952503145,68,93.27822421765843
Estudiante_681,24.87801798657984,96,86.64122103051449
Estudiante_682,9.221279157258316,69,43.15600494798833
Estudiante_683,6.7848524469218425,95,41.126038088160506
Estudiante_684,20.722010157884068,96,73.40294357787297
Estudiante_685,28.022527695572403,87,92.73422543971212
Estudiante_686,17.589361004390035,87,71.32771612865753
Estudiante_687,18.005155305157196,80,76.69250628029862
Estudiante_688,9.839414622487958,83,51.17722267551182
Estudiante_689,23.545802129374238,99,79.08097307529485
Estudiante_690,7.237224959610654,61,44.8714730719072
Estudiante_691,11.063018619318823,67,57.44407249487967
Estudiante_692,13.91222028125967,86,57.34141908587164
Estudiante_693,16.21309060316474,81,64.99665784122018
Estudiante_694,8.787472507622248,96,47.02743404797241
Estudiante_695,5.215431092697699,86,34.89898447941529
Estudiante_696,19.097361188365717,88,75.33652470628971
Estudiante_697,10.081655490727162,62,49.72034613238677
Estudiante_698,18.274670199833142,72,72.36480527521097
Estudiante_699,6.322156027677664,69,37.25542135798576
Estudiante_700,15.47192285193489,95,61.92997392854358
Estudiante_701,16.912504111444406,68,70.1707857099221
Estudiante_702,3.4510590310279534,86,32.136314969202814
Estudiante_703,11.424919789429776,93,60.47015487850806
Estudiante_705,3.774499173237497,91,35.33498683610128
Estudiante_706,29.718886506918462,84,100.0
Estudiante_707,11.025907659292244,88,46.891306216498485
Estudiante_708,24.676484483929777,66,79.64797596190134
Estudiante_709,9.129938333385388,62,41.72222057518309
Estudiante_710,21.082076222270015,79,82.75552696938378
Estudiante_711,23.28638007691122,79,81.00851760870827
Estudiante_712,18.67788473701964,89,81.9275089852221
Estudiante_713,15.204133279404434,94,60.75334280388153
Estudiante_714,13.531545596123518,94,59.56706920309694
Estudiante_715,11.768311463203869,98,60.589218468281175
Estudiante_716,28.026816038939124,86,100.0
Estudiante_717,25.25734341805641,85,96.38937285168664
Estudiante_718,29.02075349866235,73,100.0
Estudiante_719,5.480322257595253,76,42.79705574723398
Estudiante_720,22.46428930570204,77,83.53083106105983
Estudiante_721,28.27353279098906,88,98.7972762821392
Estudiante_722,7.074525852638484,79,40.48157176628208
Estudiante_723,3.86189548626977,86,31.3819431819852
Estudiante_724,22.75137818012165,77,81.86494762066033
Estudiante_725,18.085247169037533,63,69.53237943249411
Estudiante_726,25.571205749231616,60,87.11510217576993
Estudiante_727,5.913626545536106,60,42.56961615366713
Estudiante_728,24.267484732076927,85,89.48993266447435
Estudiante_729,7.645564961336847,79,44.467539948509504
Estudiante_730,6.582366400239726,82,47.36603632482037
Estudiante_731,6.599442342067802,69,36.93184939863548
Estudiante_732,24.808092166478698,70,86.24559257907787
Estudiante_733,20.625522179493604,100,73.69651616632278
Estudiante_734,16.64583189353534,100,59.14843326554612
Estudiante_735,12.04725355545807,64,54.787411145274376
Estudiante_736,26.56161514276703,60,90.91704782338444
Estudiante_737,12.98846300783379,76,63.524956492553
Estudiante_738,24.86478430520416,81,89.68520750122951
Estudiante_739,14.295777439966116,93,56.64269630259847
Estudiante_740,12.554444023897412,100,63.80248032508028
Estudiante_741,14.95503399874898,88,67.27171977897386
Estudiante_742,10.43858047659598,63,53.42484200536441
Estudiante_743,22.93306264493503,64,81.42672021693826
Estudiante_744,16.076170922589416,70,61.35267035957962
Estudiante_745,8.501955464110885,80,44.766061555993005
Estudiante_746,27.18808805168792,94,97.32521460803656
Estudiante_747,12.74895419844992,71,64.41073071986324
Estudiante_748,17.21948011119168,85,74.22167439106795
Estudiante_749,27.381219107007315,78,91.4976500803732
Estudiante_750,19.47866388559178,66,69.2181899808234
Estudiante_751,5.2731451398341935,66,38.7464078372303
Estudiante_752,28.315299461177304,85,88.71449119069185
Estudiante_753,19.5758254859997,99,75.23223457173837
Estudiante_754,11.377357210398412,64,52.85298268080136
Estudiante_755,5.899618034574843,80,37.88489907896414
Estudiante_756,24.232705299568288,73,79.20295097985354
Estudiante_757,19.36203716599838,63,75.45949334127481
Estudiante_758,16.936910575337002,82,65.21147307969487
Estudiante_759,27.028992325426813,79,87.89281347072588
Estudiante_760,24.080721914286865,74,73.71275593259057
Estudiante_761,6.246896632517033,88,40.50718196109003
Estudiante_762,10.72821789827535,67,58.90955113236735
Estudiante_763,8.95769591480504,100,54.03927664520408
Estudiante_764,22.83049619203496,78,80.2478554537423
Estudiante_765,2.9389081726018227,98,29.938422190057437
Estudiante_766,17.956911176396865,87,71.76737496529225
Estudiante_767,23.34884320073933,86,79.37856624509519
Estudiante_768,26.549437829328983,63,92.58076217260032
Estudiante_769,11.57828896404541,74,57.010043523652286
Estudiante_770,24.99520453081636,94,92.39574422257812
Estudiante_771,5.097688634745802,96,37.34360528094469
Estudiante_772,25.700664168566508,60,88.43696542070842
Estudiante_773,5.569682545295508,62,35.41227601621252
Estudiante_774,13.124044135690283,83,54.50258892306627
Estudiante_775,24.324270241827502,86,84.90476003696266
Estudiante_776,6.197687965765666,99,41.96368194167888
Estudiante_777,8.419039066513962,95,49.701936171217895
Estudiante_778,22.223071915005857,93,77.34496398479327
Estudiante_779,22.16102302329008,88,86.37331183406329
Estudiante_780,19.952133720788325,83,73.79583989780053
Estudiante_781,21.4305564450788,83,78.49092193530325
Estudiante_782,17.19628441373269,63,65.00186431774043
Estudiante_783,9.050373649394675,62,37.928973082394926
Estudiante_784,11.679487818109743,93,57.73490113071856
Estudiante_785,7.084736070439918,82,45.65921576446953
Estudiante_786,27.436615717341592,82,92.46622906488112
Estudiante_787,18.33497025345137,64,71.10538850252793
Estudiante_788,13.223839669381915,90,60.12335604427119
Estudiante_789,14.936162502035716,100,56.09022282754312
Estudiante_790,28.523933509130828,65,94.19362306344188
Estudiante_791,6.293839287250245,96,43.91165693661292
Estudiante_792,18.414435296470323,69,66.0189305484988
Estudiante_793,16.164883008765045,99,66.58643925057913
Estudiante_794,19.12071859217014,66,67.37546926193171
Estudiante_795,2.5070851469835342,98,33.133432797192945
Estudiante_796,26.41946945043624,97,90.90610769690068
Estudiante_797,28.099311909541147,80,88.78775251023083
Estudiante_798,17.82372914049785,79,74.2182802690733
Estudiante_799,21.506223068552984,62,75.82719136419026
Estudiante_800,27.82998267296428,81,91.33394693435316
Estudiante_802,6.271093201599317,87,45.27228240171316
Estudiante_803,18.136074084670767,71,66.27689793576334
Estudiante_804,18.988021298719964,97,72.7167726461918
Estudiante_805,13.875658796466809,95,61.40441299248931
Estudiante_806,22.62043859749224,100,84.32351892278318
Estudiante_807,28.162276413532418,64,96.11145725493996
Estudiante_808,27.915918361389732,72,93.32168454714105
Estudiante_809,14.6235023993157,82,58.24839511569437
Estudiante_810,5.170665283541148,89,38.27123874103837
Estudiante_811,29.575553570945367,96,94.650327879421
Estudiante_812,25.489146420486158,84,77.03746411723696
Estudiante_813,5.490555073691471,86,40.47262690085935
Estudiante_814,27.783572713286425,73,98.07467114756084
Estudiante_815,26.35709813773959,95,81.44101560218162
Estudiante_816,16.527465599530018,98,62.279741179985294
Estudiante_817,18.555712200858014,75,73.86589754616583
Estudiante_818,13.172075708363646,81,66.16017114975591
Estudiante_819,3.5333258870168773,80,33.916489548243824
Estudiante_820,11.385522766085224,80,50.55179515029653
Estudiante_821,24.47989656074432,67,85.46815563744144
Estudiante_822,2.12969664412888,75,35.82374728691494
Estudiante_823,11.337976807352035,90,50.76108530188196
Estudiante_824,13.148723420546412,69,54.675040524765016
Estudiante_825,17.04707688226184,91,65.68671811692647
Estudiante_826,27.75595725955729,93,90.5765787158584
Estudiante_827,11.697687842246914,68,54.73490086959647
Estudiante_828,11.714689653094377,76,60.78543796661418
Estudiante_829,22.650034947072957,70,82.9174044601465
Estudiante_830,14.6621023449146,91,60.64584185378135
Estudiante_831,8.288935042319494,69,44.55509253013656
Estudiante_832,14.668306451715416,81,55.41800289450191
Estudiante_833,5.943996570634396,76,43.39243053517463
Estudiante_834,6.938835622174253,63,42.035740267384426
Estudiante_835,15.954297636705434,84,64.16382443740108
Estudiante_836,13.72991258612734,80,72.0972117366978
Estudiante_837,27.6156852299068,96,95.23422470822976
Estudiante_838,12.147029175265727,97,52.36040873778358
Estudiante_839,18.256473807785216,60,68.93575413464086
Estudiante_840,19.70340006174685,84,78.85228299115414
Estudiante_841,2.366644784473342,95,31.36969360333441
Estudiante_842,20.579046416467897,76,70.69450412790027
Estudiante_843,6.98500707235304,100,46.13943341918341
Estudiante_844,28.909968889144743,83,94.60234588070588
Estudiante_845,6.162556377087163,61,47.89958204758809
Estudiante_846,13.609475464356665,99,63.34388092375026
Estudiante_847,4.389790706202028,74,34.18518918287007
Estudiante_848,29.912479051686525,91,100.0
Estudiante_849,16.06146028927479,98,65.4250727652966
Estudiante_850,18.670780484961227,65,75.08804591289194
Estudiante_851,3.8781413668759694,60,36.63428468636782
Estudiante_852,22.998893171176977,82,79.11180630797894
Estudiante_853,7.877356606676401,98,42.11919218742116
Estudiante_854,27.145520104339987,76,96.98364353117462
Estudiante_855,7.743909933496201,93,43.02067350531434
Estudiante_856,7.339256178582664,100,41.73354659348868
Estudiante_857,3.0233906997466566,88,28.73798643196923
Estudiante_858,15.21787446307998,68,64.7390824200738
Estudiante_859,17.81555173135326,72,77.78897900535573
Estudiante_860,3.8398419039938654,65,30.32947310296757
Estudiante_861,23.71477326746029,65,84.38381099534176
Estudiante_862,14.692087372944773,79,67.37910065402365
Estudiante_863,16.68292754117224,62,66.38875328794774
Estudiante_864,14.341356914270389,76,62.66287947067491
Estudiante_865,13.221365704509129,71,53.8038401486853
Estudiante_866,17.6699292766301,60,70.88805158040586
Estudiante_867,6.34672688605995,76,40.11824015513169
Estudiante_868,7.093987653867592,62,46.67788911738843
Estudiante_869,26.129997388378484,85,95.0745376772052
Estudiante_870,28.49123293974172,74,100.0
Estudiante_871,12.452660855833082,95,58.45018483243701
Estudiante_872,9.580850848019503,91,50.25531238637743
Estudiante_873,20.03198721069244,91,75.85750523304046
Estudiante_874,13.4445567907467,63,57.198726805624
Estudiante_875,2.710817958489656,77,33.13098027007091
Estudiante_876,6.37227272625333,78,39.74907617507721
Estudiante_877,22.04722240772713,94,80.79189992439629
Estudiante_878,20.44987037348424,99,81.39506607614243
Estudiante_879,2.7586877900975377,73,27.87054921412528
Estudiante_880,8.215220534122585,92,50.09756557982264
Estudiante_881,8.470094304465999,73,51.44369603052446
Estudiante_882,20.8129968207644,93,76.56021794394668
Estudiante_883,2.5518950571221963,63,22.892318046771116
Estudiante_884,4.915040295568067,83,34.85631279054244
Estudiante_885,24.397650390449304,88,91.1821041623677
Estudiante_886,6.999250537521341,78,42.40665409460782
Estudiante_887,20.27689101985249,65,71.69501862045158
Estudiante_888,8.669117869308343,92,44.65369498835799
Estudiante_889,4.7843589972616645,99,40.323377599172375
Estudiante_890,8.808821347984715,78,49.208987642767305
Estudiante_891,22.223474091958455,60,79.60295683321736
Estudiante_892,25.959501106976,64,88.43145512018125
Estudiante_893,25.246156207875764,86,86.54835792351413
Estudiante_895,20.706383823978094,65,83.227462317823
Estudiante_896,7.739560271642987,99,43.05961880226212
Estudiante_897,10.208136447308371,72,55.38897520157291
Estudiante_898,27.097402918591357,94,98.8287715041682
Estudiante_899,2.364053858300609,78,34.903378238343365
Estudiante_900,4.394238863925106,71,34.25911590894058
Estudiante_901,7.820815144088765,75,46.16695822156835
Estudiante_902,2.742901708466952,69,31.76047184560372
Estudiante_903,7.080192182514325,84,39.0856730133653
Estudiante_904,18.325163707151383,79,72.11034639476486
Estudiante_905,13.799887416589945,90,54.78355937683565
Estudiante_906,26.99480791015529,63,97.23773732923448
Estudiante_907,24.888419728676347,82,85.3625801324973
Estudiante_908,11.570885847540527,61,54.73185324234267
Estudiante_909,9.263856136076187,81,49.29279182637504
Estudiante_910,12.631387428683473,96,55.542848676892376
Estudiante_911,18.528258390414617,67,73.66742118193764
Estudiante_912,9.505781943040535,66,46.86484023111124
Estudiante_913,19.47616941977575,73,77.17561273926835
Estudiante_914,13.463526261354732,62,53.27489693239984
Estudiante_915,17.457321063855446,75,69.14882097782426
Estudiante_916,14.211542815788867,78,68.28457303570531
Estudiante_917,10.245041267173695,77,46.61127786951194
Estudiante_918,28.556692594940387,75,93.68075160525156
Estudiante_919,23.3809622364733,67,85.5080369898189
Estudiante_920,5.923168921460672,92,40.52624943141007
Estudiante_921,26.31710332514156,71,92.19527870994813
Estudiante_922,15.648073550986382,70,66.07693239805661
Estudiante_923,27.04746235303456,64,95.1575417568335
Estudiante_924,24.395947166524827,86,90.42866728413696
Estudiante_925,13.905978125138535,71,61.4042199405604
Estudiante_926,2.629140632963287,76,30.60782096393405
Estudiante_927,9.52296606277849,65,51.49770996175715
Estudiante_928,17.165758010504273,92,75.51392276584154
Estudiante_929,19.737390155132125,64,73.81294040230001
Estudiante_930,9.220855192129664,87,44.1540207616416
Estudiante_931,5.901970074039076,73,44.18324786224558
Estudiante_932,25.37804663038037,64,87.96359192013654
Estudiante_933,29.56326105969946,92,90.21747446519252
Estudiante_934,16.719325104475203,100,70.1879994697897
Estudiante_935,6.807020003752498,78,39.87623726556556
Estudiante_936,9.62460514254233,81,48.69937972713918
Estudiante_937,2.5149389433290685,64,32.61526868059873
Estudiante_938,27.60036658369397,61,94.7629151783512
Estudiante_939,5.297030320923952,89,41.080383070866034
Estudiante_940,18.1424613143991,98,68.61420780371837
Estudiante_941,9.673546179241768,63,51.23628864080875
Estudiante_942,17.516984070442216,92,67.75427346576988
Estudiante_943,20.2397708738522,72,78.55466910818049
Estudiante_944,25.23277050380165,79,90.54339619555633
Estudiante_945,7.77979560929689,66,40.70773421506384
Estudiante_946,2.3078832024374534,74,35.113636470793764
Estudiante_947,5.832797641926604,82,37.43814032436032
Estudiante_948,27.200521971746944,73,96.23353612249194
Estudiante_949,26.468922171750428,82,92.64145468298145
Estudiante_950,18.727566860768636,78,79.17165185910207
Estudiante_951,18.814472092142296,88,71.14231630086833
Estudiante_952,20.62102688729515,79,75.15530003376509
Estudiante_953,6.9103958014565885,88,42.19831108009054
Estudiante_954,27.603534485898876,83,92.79611708341008
Estudiante_955,13.725574696978049,77,62.51370435021332
Estudiante_956,12.72787879098593,69,50.35445454371847
Estudiante_957,16.52969574791945,100,62.109509693213205
Estudiante_958,3.3150470697015413,67,29.01640598793708
Estudiante_959,6.655934325170223,85,45.44106618081986
Estudiante_960,22.664941259938374,88,88.50480664017363
Estudiante_961,4.318362701903541,69,35.37810988060897
Estudiante_962,18.888259065058868,76,71.54536076988713
Estudiante_963,8.869775071076987,61,47.4546463301452
Estudiante_964,12.900277193175343,65,61.89820619337112
Estudiante_965,10.083424629579596,64,46.4991490371867
Estudiante_966,11.958836061018577,87,55.85056608348558
Estudiante_967,22.133285345158875,100,84.2340038820269
Estudiante_968,10.3194080374489,64,52.80289677338163
Estudiante_969,17.859329928313123,77,70.40665128717778
Estudiante_970,15.32941126157479,85,67.32771252420554
Estudiante_971,20.58279263015415,79,65.64405240338843
Estudiante_972,28.231232701093223,100,98.28958303085668
Estudiante_973,22.51201872188701,86,78.66374407220783
Estudiante_974,8.018330600541189,71,37.72329491392715
Estudiante_975,2.873127781715971,66,34.22762985238985
Estudiante_976,9.343393240395102,62,53.853117281639584
Estudiante_977,18.662182059607137,69,71.10566109050707
Estudiante_978,3.4399227775590098,93,37.41130513270928
Estudiante_979,15.898254921634615,84,71.19475033604112
Estudiante_980,18.711599769672898,94,77.03865723851844
Estudiante_981,11.358828942874904,75,59.95693047467283
Estudiante_982,23.585541704883013,61,86.9323642264951
Estudiante_983,4.984751087745611,83,37.7636122749704
Estudiante_984,4.103857888602645,69,28.851781473917946
Estudiante_986,15.873756853773555,81,61.311405753169126
Estudiante_987,21.27526709997661,85,86.87193861993278
Estudiante_988,14.175165480904894,98,59.734370452532886
Estudiante_989,8.89925693069499,86,47.74096155387542
Estudiante_990,24.93486489487759,88,89.54310374135585
Estudiante_991,24.38364461113142,97,86.13352131331837
Estudiante_992,21.45150118392395,79,85.40895712153288
Estudiante_993,9.620063842438956,86,46.55956215915958
Estudiante_994,18.52645867233444,100,72.09457650178507
Estudiante_995,12.10726911432075,79,52.29829044300969
Estudiante_996,4.564298053145756,78,31.13065508798157
Estudiante_997,27.6847801129428,79,91.76487391873586
Estudiante_998,5.830921665730919,94,39.429156976133655
Estudiante_999,28.606645906982468,61,94.79940586938712
Estudiante_1000,14.48816164282276,89,58.45072018756148
