VAR_1,VAR_2,VAR_3,VAR_4,VAR_5
PV_0000,518.3591010202581,400,55.363329657670285,8.152654281089745
PV_0001,1008.1071604484288,450,97.3021476029916,7.833455021037848
PV_0002,822.1948505396944,350,81.27557346088265,4.2051365264514855
PV_0003,708.8597115674811,450,70.47702718637403,6.729982621009251
PV_0004,332.61584437607104,450,37.779000721197725,7.0415649502868565
PV_0005,332.5953422857723,400,37.89242088515687,7.190582247175204
PV_0006,249.37107034296957,450,30.70927027827071,8.64137895381866
PV_0007,936.2497239086948,400,92.41565177440674,8.268820373815029
PV_0008,710.9477599817275,300,71.914451404149,8.863240742347557
PV_0009,801.8616911266387,300,70.80727215910359,10.119066092337023
PV_0010,217.49682015143208,400,30.12698165419613,10.503885909728748
PV_0011,1024.4233743376951,300,97.56282730550105,9.744984609811954
PV_0012,907.5762446803584,350,87.09720890671574,11.644189567639478
PV_0013,380.4882440765347,450,41.37020461378324,4.145860661410893
PV_0014,354.55122212603555,350,42.94713568067805,5.566223885468369
PV_0015,355.89383337541875,450,42.61979199221774,4.060502999825137
PV_0016,458.6059065156071,300,47.04930788426758,9.179797713236823
PV_0017,646.0429668874021,350,65.93128290324053,11.184244391599895
PV_0018,567.1532658457984,300,55.77888576053965,5.947858372610394
PV_0019,447.5447691683356,450,44.59225996733621,11.416276358370451
PV_0020,720.0749605140226,400,69.63957858221701,4.482139122316487
PV_0021,318.56978155423553,400,39.23441511306692,11.475488214444114
PV_0022,448.32295125493545,350,50.49026347010973,6.812981497917075
PV_0023,511.407566799638,300,54.75235672821246,4.811366627593732
PV_0024,587.6594865844805,300,61.76379582680084,7.886974073490605
PV_0025,867.3995671840615,350,85.01940892843263,6.054212541764064
PV_0026,369.72271483460577,400,39.82272677288411,6.278983215695383
PV_0027,637.0992726515699,450,65.23324453706829,6.458319719410293
PV_0028,703.552383532736,350,71.80297641335177,10.424207182661307
PV_0029,239.48285081199805,450,32.24177064355377,8.313290213402036
PV_0030,716.4131241162227,400,73.86739897856555,6.490461593248029
PV_0031,344.9455051341978,300,41.09112755440947,8.882670266487347
PV_0032,255.2938540374876,400,32.5785981120404,9.729205393785548
PV_0033,1006.5527066653332,350,98.2323556623444,6.18099200586827
PV_0034,1020.7872281133756,300,96.70061124151428,7.308392812202812
PV_0035,887.137745898992,350,83.20202177334502,4.97508874669558
PV_0036,458.921703797365,350,48.60067741291663,5.4491947962774425
PV_0037,283.0212969054263,400,32.194553624945115,9.448942831719862
PV_0038,781.5980725353334,350,74.74789047806739,5.451506781565016
PV_0039,574.1296196786611,400,58.4397209958974,8.201307069336481
PV_0040,303.732499618062,300,33.83621266503537,9.67237009377946
PV_0041,620.9003735945796,400,62.00662793144166,4.855015384757951
PV_0042,229.23024294793564,300,24.750533983190067,8.538497757031228
PV_0043,972.9223417669648,400,93.23163331862436,6.05250226961091
PV_0044,419.9629843600144,450,45.69986735900679,11.703415001900638
PV_0045,763.1439417008846,450,72.82451346690472,7.868365173759398
PV_0046,464.9544146759993,350,51.16923941854096,10.447940398201265
PV_0047,642.0578180011391,400,66.91883987416323,8.401812337250094
PV_0048,664.7037374417878,400,62.48091802162953,4.347300262838553
PV_0049,357.12628719669794,300,38.44892246530379,9.06521100475218
PV_0050,1024.1469335998747,350,95.12963348152113,11.611226737653256
PV_0051,858.8628998569474,400,80.65358873506837,8.81289456117065
PV_0052,998.5741003295608,350,96.95248563284206,10.553510875414322
PV_0053,960.6032478635016,450,91.16671072146562,11.073651706787263
PV_0054,708.2149819894223,400,69.53698636582439,5.82463817559146
PV_0055,983.5930997696493,400,88.59575756940332,5.696358719265813
PV_0056,275.2186267441316,350,34.98212834877425,8.887847910807935
PV_0057,366.5854330562734,400,38.06161582264956,7.288227758453638
PV_0058,238.44319557395733,350,30.4175031994522,10.718890422933764
PV_0059,476.5307811487747,400,51.19855874254133,11.20018498718409
PV_0060,530.3756962360596,300,58.4835806696617,6.827371034421745
PV_0061,430.6466770078115,350,43.332916547866205,5.8949644717958565
PV_0062,904.42688277914,400,79.32750464667484,10.244204121950894
PV_0063,503.2403276895509,450,53.23505171549607,6.198448284385089
PV_0064,438.7943332342736,400,51.7987962786904,10.580914548109426
PV_0065,661.2916706845112,450,69.30715789053205,7.389906029190103
PV_0066,319.78559122854824,450,37.70592379261317,9.340399194331765
PV_0067,881.8674336409338,300,83.72964139539926,4.764282510677345
PV_0068,263.3680471278052,350,34.40409049745672,8.990874597412585
PV_0069,1038.8538961104396,400,95.8687156701262,7.614141429897833
PV_0070,856.4080539021588,300,83.98557900507406,8.692867705403792
PV_0071,368.90832930404656,400,42.620883388760525,5.344113661958907
PV_0072,204.69379955506204,450,30.049497730927477,9.894989959553456
PV_0073,893.1422141866091,350,92.81623830313949,10.902376620345828
PV_0074,800.8287422704745,400,79.05148301093726,5.733918400726205
PV_0075,819.6560928348392,400,78.3983588266926,4.765716444161294
PV_0076,855.5797946830539,450,82.66034676757961,4.189108688370691
PV_0077,262.9379539739768,400,27.927036325565236,9.135772003546128
PV_0078,504.6958692626317,400,51.162366059601055,8.856752288710247
PV_0079,298.4887005963603,450,34.34833345540787,8.37357930171256
PV_0080,933.6379119942544,300,88.04900152467516,5.855576768927803
PV_0081,729.8034078034242,450,72.41417684337536,7.127247967244117
PV_0082,481.2633211247518,300,48.85133246464841,8.755810681489384
PV_0083,254.0245977431201,350,34.394667476476386,7.974134870873355
PV_0084,464.3349734583129,300,49.46899040625209,11.902284161719098
PV_0085,476.40582372273497,300,50.47124421358594,5.091518020453865
PV_0086,820.1652515873544,350,78.89430959364283,9.56115643238075
PV_0087,741.9238506519312,300,73.4515040150616,7.234550144834337
PV_0088,954.1308311898777,450,93.16386631280868,7.425596919404918
PV_0089,601.3826863876569,300,58.94970280367359,9.74078212526541
PV_0090,301.65510904755644,350,33.99539304635415,9.539489210594958
PV_0091,806.2580691395458,450,77.77262080491974,11.930047949617506
PV_0092,846.6672913243628,350,78.6020424538878,5.027154315633002
PV_0093,677.0856179340718,350,65.50413287509237,4.832877195073331
PV_0094,855.3221029613768,400,81.5118265678554,9.794710537029928
PV_0095,619.7262569097321,400,64.86270478910905,8.627095336051273
PV_0096,644.3229049746949,350,65.42385024535389,6.193285332478447
PV_0097,563.4098656047672,350,58.37381335482408,4.635354951911893
PV_0098,221.6062577324809,350,30.963776812680813,4.685265996771444
PV_0099,291.7077129443088,400,34.45172612926776,11.153526997312946
PV_0100,226.7148078337241,400,30.246920790688776,5.534938597749943
PV_0101,740.9488495742133,300,72.7225978314769,6.586972496924166
PV_0102,467.20258391487766,300,50.37562550626368,5.813251217815904
PV_0103,632.2850874899973,350,62.287335792620816,6.8399704466554985
PV_0104,971.4315028371792,450,86.47463484546915,4.555390741968747
PV_0105,411.8983947765437,450,44.67566565054046,8.152478327266163
PV_0106,548.8254845802853,400,60.2070365295741,4.540900508737719
PV_0107,842.2184677615913,400,83.90410826533925,10.402852062578893
PV_0108,394.4784406678791,400,45.94416116824765,5.869696655283464
PV_0109,265.43292335447404,350,35.65212528964584,8.320095316836085
PV_0110,446.2887349767028,450,48.15618645042333,11.040632700491669
PV_0111,337.0380941659038,300,39.14152727261582,9.207018952377553
PV_0112,990.2430044911872,350,92.62652564316502,8.263662292410682
PV_0113,886.9023226297544,300,84.5965152834615,6.594670024923005
PV_0114,738.3931930338599,300,74.30284928230596,6.664015304465583
PV_0115,940.74150165956,350,92.97273873398466,9.35589564158552
PV_0116,883.1212653642473,300,84.71669186675852,11.95311488976934
PV_0117,358.58455005313044,450,39.354213592387566,9.294713518795028
PV_0118,958.6751487164812,300,91.4887075380424,8.4622673389602
PV_0119,658.4409056283032,450,67.47049385072857,9.84520408191397
PV_0120,886.3241318894532,450,81.72791417026967,7.721644898269745
PV_0121,961.6776049349692,450,86.00214403662929,4.481138740806282
PV_0122,470.3029537260843,400,48.599408942988205,8.498374527023278
PV_0123,293.54413584852523,300,31.899470482339247,11.661002276043044
PV_0124,393.7448881606504,350,42.19796499953701,5.402423538861277
PV_0125,563.0416203323178,350,57.48908693120335,9.520039126565326
PV_0126,895.3125510341191,300,84.9684458153426,5.607469509272452
PV_0127,931.620995767892,400,92.81895347644767,8.28662147578465
PV_0128,205.9093109515121,400,28.31915334238433,4.773411597173757
PV_0129,634.1352071909309,450,64.6526785102562,7.602967490065481
PV_0130,554.7993526764621,300,58.713462837607786,10.049306631161969
PV_0131,388.7916389001207,300,40.20020651205834,6.780572193911857
PV_0132,301.8855622336304,350,38.25805225840925,9.319293795897744
PV_0133,486.9728956930838,300,51.20328541757348,10.363599686317832
PV_0134,1001.4732483256412,400,96.80142765078254,11.41742255583562
PV_0135,474.722492217642,300,47.67176875589919,5.877136654843628
PV_0136,640.9720284818611,350,60.59822550591803,7.194527326474465
PV_0137,797.5661150609012,450,79.83784392523918,5.21932810664334
PV_0138,509.0851620223999,350,54.21326258714778,11.939868017267004
PV_0139,1026.0147703128166,350,94.95612659069565,11.416007743394363
PV_0140,1018.0802007007944,450,94.3626593563808,8.319657042244476
PV_0141,414.0149514515596,350,48.00485783441949,10.73626635501137
PV_0143,455.74656334425424,300,52.84514026740152,8.988685504022078
PV_0144,442.1144202208475,300,45.32817388215237,4.712995456928133
PV_0145,231.35390525135287,450,31.261061760385957,10.042163363974463
PV_0146,718.1296838829123,300,70.21947694067511,5.021707869081879
PV_0147,627.2771697445323,300,64.82652800599111,10.608541042020228
PV_0148,243.75693856249092,350,29.35905477252625,10.256224701363088
PV_0149,436.8494946011197,400,46.72522477591444,9.669957581943812
PV_0150,972.0260030716556,300,92.72450819958004,4.289283044198097
PV_0151,403.62760706692654,400,41.80287796123508,6.425026847562629
PV_0152,323.16064127753964,300,39.32071537214119,6.104900559286743
PV_0153,616.0348462359286,300,61.07992801387497,6.881091259772153
PV_0154,1037.8028859940105,450,97.64174552114083,4.701141974110708
PV_0155,405.74698078477536,450,42.00261993018463,11.495662584248503
PV_0156,771.3152152949967,450,69.15595915308646,8.430417925699011
PV_0157,847.37667302941,400,81.54944780099943,6.444194485264188
PV_0158,401.9919123935397,350,50.20085110748316,7.175852136594267
PV_0159,818.9838963200806,300,81.57514190695191,7.577620324038685
PV_0160,512.6156628113653,300,53.52418038963007,8.80475466688494
PV_0161,737.4599560045425,300,72.02686918736546,8.125435421571982
PV_0162,738.5002541467605,400,72.82868633450477,11.35513578571534
PV_0163,655.4084814635447,450,67.07751871233933,7.975707863246642
PV_0164,276.7463045462471,350,30.57140384815889,11.9372641185865
PV_0165,910.0071212508524,400,90.13640954299464,10.811399661960769
PV_0166,472.6630552259755,450,51.96481298281103,5.668084114858687
PV_0167,358.5407338398761,400,42.27142669065931,11.44476171715133
PV_0168,234.65887032154933,350,31.042193324356013,4.930931183083809
PV_0169,702.2590017100056,450,69.74105678958546,10.539597667929533
PV_0170,775.92970756594,400,77.63617823302195,7.044986347812641
PV_0171,214.0996545886777,350,29.678005974391056,11.023794563560555
PV_0172,635.2790995543888,300,63.11362168477049,10.944453520859604
PV_0173,392.5214089182473,350,41.93031532580877,10.447403200940968
PV_0174,748.3968718480323,300,73.86837484523772,10.320243490456493
PV_0175,348.2114646542427,400,43.4705248743486,6.437433112784326
PV_0176,787.297077387096,450,73.8224838887684,4.647354264410017
PV_0177,528.7250443554568,450,51.27281560583273,7.223841430121292
PV_0178,996.2204904262244,400,95.09064378932035,5.388196119892069
PV_0179,316.89280252409424,450,37.06310746918806,9.559608711219694
PV_0180,489.9063983927197,450,52.075398024307205,6.768797812302284
PV_0181,296.4524930545007,300,35.8083449044038,11.80488160687932
PV_0182,985.9895755367784,400,93.25110828403916,9.127776618762656
PV_0183,945.738450373834,350,94.1124268782811,10.579844509074888
PV_0184,419.2503835578823,300,41.63402265622871,5.060197381934787
PV_0185,760.9864391290522,400,72.61260476401883,10.89611585818098
PV_0186,894.6388701710334,300,85.78616706416523,11.382057524107154
PV_0187,671.920689859543,350,63.00528661017574,7.896495350551487
PV_0188,650.2029916026055,350,64.82761827514129,8.850023502007819
PV_0189,405.5744472653839,400,48.627503431877685,10.118478407223964
PV_0190,279.13735263501434,350,33.778891194716124,5.3987090180833
PV_0191,962.6333942603276,300,92.40059077642458,8.02052861170754
PV_0192,965.3553485888308,350,88.9047927171192,7.189304222178505
PV_0193,738.1362386822777,300,71.20067676789492,5.170991937297993
PV_0194,488.1753223913956,300,50.55691145245879,6.940275378332252
PV_0195,496.8281384207618,350,51.43610402387417,4.5453784750839485
PV_0196,817.0623270397035,400,82.65440728588423,4.206495255595896
PV_0197,962.5437209596904,450,93.21044393338651,5.081330313238582
PV_0198,954.0234606253496,350,88.31334926081215,11.70492089271339
PV_0199,862.8942139789802,300,83.96227013429335,8.396236287160136
PV_0200,745.7268992311446,300,74.63234080588926,11.72657728922576
PV_0201,271.5189702457915,350,35.92948506719544,7.459983026641056
PV_0202,337.3844069804217,400,42.62902630975678,6.494529064682077
PV_0203,963.7710602480172,400,89.3828046415118,8.049134902721953
PV_0204,715.4647007106514,300,68.78735578237954,7.516093509063281
PV_0205,207.8174938741352,300,24.52054233201495,4.845317474093951
PV_0206,286.25081143612726,400,33.74626932430336,9.12661051752165
PV_0207,763.9765037418474,450,76.10389875417286,5.728305460076797
PV_0208,204.3023462692859,350,29.834035724362057,8.956703639182637
PV_0209,336.68684370487387,300,38.42850415580797,9.201608739185229
PV_0210,666.4237209615982,300,65.84639747359874,5.216198825029185
PV_0211,788.1109180387892,400,77.36882301391894,4.490797016885345
PV_0212,754.1670705772104,350,72.01634374498784,10.24609268854752
PV_0213,390.6289130414758,400,48.42730441276238,7.678403390154561
PV_0214,805.3523381454055,350,74.43579617456433,4.465310364043806
PV_0215,401.6617243722801,350,44.60309801888312,11.958930537358135
PV_0216,476.5897434353776,350,55.5691437400812,4.462244487970933
PV_0217,834.5176943503205,300,80.95100363117724,9.560281830868426
PV_0218,752.1879641901324,450,73.46087936865752,11.86943140210731
PV_0219,921.8398989200512,400,87.46277785117829,5.913440833727405
PV_0220,758.9709584552919,450,74.0615522642938,5.137994949497569
PV_0221,683.0623128351508,400,71.49241777767915,4.971079515379431
PV_0222,279.6235526538786,350,28.238347197255912,6.426201180540764
PV_0223,512.5584326005185,300,57.40105102428489,4.8083664880851735
PV_0224,425.42201252946666,450,42.600978183879306,9.537290733553055
PV_0225,407.391196872221,300,43.96162091105276,4.4983343850405015
PV_0226,1027.0589715395786,400,96.22690153011752,8.075377025198318
PV_0227,534.1330659667464,300,56.87269378160024,11.973574830823814
PV_0228,958.2395719005464,300,87.45505273183707,10.51176215604815
PV_0229,736.4678320976734,450,73.7551973935071,8.921755505848086
PV_0230,875.5896080104012,350,89.48589073910124,6.450028966292893
PV_0231,627.2415291394133,300,59.907594965368105,8.991166690333108
PV_0232,690.3683019324053,350,69.15557108328044,8.216331711293213
PV_0233,618.6400397460343,400,60.9294479339214,7.408667071122972
PV_0234,365.95653962833785,300,42.17102388389131,5.045683013921596
PV_0235,814.0842979722795,450,79.24503477118314,11.092833721923734
PV_0236,438.6565080747274,400,45.68208591374106,7.59827719057058
PV_0237,220.66857146673576,400,29.976509286850224,5.5569800945661205
PV_0238,748.6514515210927,450,78.14624365375973,6.942074807018317
PV_0239,350.5440774959916,300,39.31898710784104,7.313038020231416
PV_0240,999.3897966999772,300,96.74752757486851,10.620303164534995
PV_0241,1010.8392904521992,400,92.68815729375903,9.868915044491215
PV_0242,977.6347316873812,300,90.70786125138238,10.154439149130718
PV_0243,514.6348952171277,350,54.9249817881568,4.088250115429178
PV_0244,213.1381240495373,450,31.827030615550584,7.329231985438092
PV_0245,989.0707781995666,350,94.9600495189273,7.850753213082589
PV_0246,563.9565260697173,300,57.15365963961808,4.1535382145844535
PV_0247,1021.6565961871192,400,96.83903918946352,6.078505669960274
PV_0248,1019.0769805258648,450,93.49552400977424,10.08231858497708
PV_0250,450.2815582591478,300,50.47976510783609,8.282481051620733
PV_0251,527.3330693116365,400,53.6930850594064,5.7216149761379
PV_0252,923.4661707893284,400,87.31951914769417,4.096966197151146
PV_0253,469.383704382836,350,50.562310446671184,5.929611660796332
PV_0254,344.0688346831786,450,38.1540516079687,11.80699003928043
PV_0255,673.2810730895976,450,67.06355967605124,10.412296895063918
PV_0256,995.7315580366638,400,99.88648690603272,11.676613154568267
PV_0257,791.6253271737271,350,76.67058855790182,7.9028323514109
PV_0258,684.5519945759602,450,67.29106915890357,4.877889589420028
PV_0259,282.6000197051533,400,32.402147160850134,8.383675911789544
PV_0260,722.7561426942942,300,73.29475205776485,7.635018676479687
PV_0261,1041.5457725886238,450,98.07833023698778,10.754856661916929
PV_0262,319.07141295104543,350,35.4976375050353,4.784660646273957
PV_0263,640.5802045091762,350,67.75257746396251,7.9059290961742255
PV_0264,945.7671111387622,350,93.93921195807889,5.200389317551874
PV_0265,829.6533250910737,300,79.01947371839451,6.59740741512048
PV_0266,792.4633798459778,450,72.69303740850657,9.898856619102396
PV_0267,797.1114713890429,450,80.27325929266097,7.808145034950132
PV_0268,505.5674785367919,300,51.261661111227305,7.007106281166155
PV_0269,449.5530676248194,450,50.18857474601657,7.1558102285602825
PV_0270,887.9569821567366,300,80.55108393904302,7.675574147247893
PV_0271,888.5963854773037,300,87.7621861113191,10.280132350696457
PV_0272,937.0114707930882,300,86.61804519421054,11.136677511521874
PV_0273,976.2544696730006,350,94.80854021987138,11.642677492031426
PV_0274,634.6410390317972,450,63.980170987293846,10.29522709004236
PV_0275,626.2888504841196,300,60.84970374265856,6.523255165984102
PV_0276,878.5509021217589,450,83.65923589803255,9.505077648692335
PV_0277,752.4693411611004,350,75.67569014108528,7.500824992443135
PV_0278,796.6718456690478,300,77.98184301465716,6.037364976368409
PV_0279,876.4237690206859,400,85.95705281793951,10.726972635407382
PV_0280,956.5045405449314,350,96.24398740760788,4.3074107916986
PV_0281,487.2958833238054,400,47.50954605324584,11.214095937083387
PV_0282,519.2455097439524,450,58.17889976565752,7.691819716997873
PV_0283,279.88464886473866,450,34.051084997310824,9.097611814466244
PV_0284,691.5381198467478,350,66.53378006616575,9.274831377646262
PV_0285,230.5509327272308,450,26.271045217467144,11.160941925652292
PV_0286,595.7583154125912,400,60.16665583312766,9.09335745733766
PV_0287,661.2479395014402,300,68.51020013743357,8.911468678080494
PV_0288,443.56006430904176,300,47.38373266532472,4.53321632448552
PV_0289,702.2082714836591,300,73.4655904017294,8.147264175561633
PV_0290,225.925212448192,350,25.575703832967424,5.201352006536333
PV_0291,231.74596043683223,450,29.66818426751561,9.899470149771885
PV_0292,899.2104765607095,400,83.30190689662751,8.097775366501395
PV_0294,308.0014357541021,450,38.39734051434193,4.333383204819074
PV_0295,643.9067710465838,450,63.68017105475701,4.678336128366426
PV_0296,854.4945201338193,300,76.12149956980682,9.730587104501458
PV_0297,383.4478733723168,400,43.09043960363816,4.576674687989387
PV_0298,729.4569044461502,400,73.09568325725654,4.570053822122069
PV_0299,272.5453452447028,450,34.17709123320398,4.0968678018791
PV_0300,243.92946299331652,300,33.82345983398729,11.65201118639584
PV_0302,659.5398533685905,400,67.76142779995632,6.826011268016513
PV_0303,741.8154162734755,300,76.03557916444036,6.372284650301242
PV_0304,817.1776336642623,300,75.01362990144601,6.797625837966796
PV_0305,1029.4742675431544,300,98.30444230596557,10.197228249449456
PV_0306,638.855296056016,350,63.04225058724218,9.290964888563316
PV_0307,474.5130020000591,450,50.12979848725091,5.481564542939744
PV_0308,875.9082655533981,400,85.32139378088468,5.392874682672675
PV_0309,430.2074135727631,400,45.34955874340098,4.7871651977071785
PV_0310,573.1257075997908,350,57.02641494807819,9.282421757610706
PV_0311,266.68792414092604,450,32.753854595698776,10.114981297773888
PV_0312,221.54813190313888,400,26.1134763646098,6.120371426600032
PV_0313,1018.2511524762364,300,93.83678513826712,4.167559688247303
PV_0314,910.5831024353748,400,89.09799691439814,4.657373339811419
PV_0315,791.5780751796433,300,74.41215130237303,11.742880278760245
PV_0316,547.6100027521294,350,58.21263148620403,6.363558219819362
PV_0317,347.30017206021887,300,40.67699285725349,10.153785182705068
PV_0318,332.9714862704232,400,33.98805951100948,8.99730855083411
PV_0319,412.706463439906,400,43.38613776155288,7.055517117223167
PV_0320,666.8426650002024,400,69.66690003263564,5.645498097564441
PV_0321,807.406534295053,350,76.1766415872303,4.971091345275251
PV_0322,761.1677702100716,350,73.53824981208263,8.920103744310932
PV_0323,437.9438124040514,450,48.380376287474114,10.197070245102305
PV_0324,1011.635488563715,400,97.94749280112228,9.151234028329046
PV_0325,827.2123791914032,300,79.68420501615805,8.242417065993266
PV_0326,671.2009446346906,350,65.5583048072196,4.33560978745309
PV_0327,719.9626342991994,400,74.75274856967823,11.74791022075507
PV_0328,556.6600530636215,400,61.66335366990178,10.389713533236597
PV_0329,410.5713410759838,350,47.34570911841311,6.342576293607718
PV_0330,502.5767768535724,450,52.932321388966216,11.839762634870803
PV_0331,844.1691938947138,350,79.73371717694836,8.815052717090577
PV_0332,212.2344653352925,350,25.96381853710845,8.659381265657972
PV_0333,298.6617444308788,300,36.69253353978909,9.984585435436257
PV_0334,239.10224571848985,300,31.369686438293343,10.4941583047211
PV_0335,234.61948197112463,450,33.44665244991167,9.251828858652022
PV_0336,927.141496409356,400,90.43315242613563,5.0247659709296
PV_0337,798.1091804730202,350,74.08157958580716,6.706140047955987
PV_0338,603.0477547242265,450,63.88892819586656,11.424669122608398
PV_0339,283.15903655335126,300,31.57336653874883,5.796924894750815
PV_0340,617.8734938493076,350,61.55931879731027,6.977336190700107
PV_0341,602.4510051634809,400,61.83383595452512,7.456615063553568
PV_0342,347.2215894235129,300,44.50300382545851,7.5152399175556175
PV_0343,568.773901852277,300,66.12057804745696,8.903516659956203
PV_0344,538.7290242377674,300,57.30877470805069,11.544606701957662
PV_0345,723.472583344384,450,71.03717803747168,5.92554169466004
PV_0346,739.8296032374973,400,74.22178039638865,4.9720110104073445
PV_0347,238.50840830623784,350,32.49235327071481,5.5797639188794985
PV_0348,518.4207224325005,450,53.26409234286957,11.095399201674155
PV_0349,731.9809283571009,450,76.70640730013439,9.166486501241648
PV_0350,627.6658197930745,450,63.92677158038985,6.287254313913281
PV_0351,928.016365010074,300,90.12574874858475,10.52757551174894
PV_0352,759.8895868761033,400,76.25542551460494,10.890959970907488
PV_0353,338.4942630192152,450,39.82597888316944,10.772114709522224
PV_0354,259.9834352903654,350,34.195943250855095,11.351412269116436
PV_0355,746.0563864753683,400,71.871659884039,6.017928161386893
PV_0356,222.53461396037852,350,27.519687801767105,10.040335429970227
PV_0357,697.9092440824438,400,66.5719001645785,7.68431597819312
PV_0358,999.195705211214,350,96.03038801950376,10.735988423120492
PV_0359,689.153051194497,300,70.52535061031253,9.827925417292906
PV_0360,529.9444372755436,450,56.18970933380092,10.211579571997795
PV_0361,746.7949856760002,350,77.66380486582887,9.249294701448571
PV_0362,589.514956917789,400,60.09478129093946,5.419430155757655
PV_0363,663.7742709185447,450,68.0926671670576,8.360215351175507
PV_0364,1000.2450874600464,450,92.29158024375566,11.877357916196065
PV_0365,528.1872421306581,400,53.928166324919935,11.49910453197695
PV_0366,1017.011979250327,350,98.18486263019226,4.345389886376093
PV_0367,969.5480456626542,300,94.53433915818349,5.318518525835497
PV_0368,366.422464570902,300,40.41099211936621,5.053830187636495
PV_0369,258.9571057438906,350,31.832355858585544,9.807839279882364
PV_0370,285.66130117081264,450,30.48652623281705,10.54228263885556
PV_0371,215.48855180381727,450,27.423953901307947,5.708090930485375
PV_0372,280.27651664253915,450,36.04946182341529,8.046821543614632
PV_0373,780.5557574039033,450,77.7852519195982,10.7256242240896
PV_0374,260.5103511911946,350,33.39504415470457,9.862412358130005
PV_0375,471.1292857496971,450,50.170423506676656,8.337897643934786
PV_0376,918.1440143240364,400,88.05989911411353,8.722781523670182
PV_0378,892.2982102005955,300,87.59241891755696,6.380387610550565
PV_0379,439.57655855738994,450,48.41643983835162,8.520175942872129
PV_0380,300.4401034784078,350,36.76745591564666,9.511082416400724
PV_0381,792.2265905595281,300,76.02417309089094,10.98658332688646
PV_0382,734.6014197629014,350,67.05776338016851,9.090330831833985
PV_0383,945.851211497995,350,93.1402347567138,10.088972296345265
PV_0384,824.8103872333029,300,78.91178927480973,5.280573079636584
PV_0385,882.9587908271213,350,82.89455781019753,7.692459795358319
PV_0386,439.7293866856105,350,49.11069514806188,4.074652958616746
PV_0387,350.8236122127644,450,38.83997543828715,5.973430916172984
PV_0388,838.0225388947296,400,83.88175676616856,9.81169372090404
PV_0389,885.8095283771744,350,86.83632478600157,11.934479610794908
PV_0390,1041.9293707005722,350,100.27291981754983,4.793424796697727
PV_0391,550.7250253747125,350,53.39673787884923,7.211954526890306
PV_0392,516.2153729238657,450,56.90816666199459,10.400567749593275
PV_0393,859.9510166306973,400,83.74896274169392,5.632285077031191
PV_0394,489.6830092150652,300,50.69986293516504,8.44067959441829
PV_0395,991.14372676303,450,94.60568794321318,9.864570368237398
PV_0396,929.65083906656,450,84.5797332384118,8.927883602081433
PV_0397,564.6449232687655,400,59.01645050654675,5.504197876923329
PV_0398,838.2404076227728,400,78.67700587748051,6.843076549485915
PV_0399,841.36144297198,450,78.13404693800948,10.270334275883178
PV_0400,287.65528851054273,300,30.64480155785141,8.433812113056133
PV_0401,967.1699706776316,450,94.99116844507353,4.041836908343302
PV_0402,629.4645165806785,400,61.9313254251257,10.08792608022475
PV_0403,902.4888461915804,300,90.54587120107558,4.282490839521913
PV_0404,472.04216087602,400,48.78408001683096,9.965870261849858
PV_0405,961.1947442217704,300,87.43315836486813,5.619844481321899
PV_0406,530.8214269240386,350,52.32851018867164,11.664587840955042
PV_0407,209.2120037582536,400,30.872549369468903,6.943526010416676
PV_0408,969.574679956374,400,92.02410235145014,6.615452930704633
PV_0409,277.5936752682136,450,32.224744156571646,5.191104402659557
PV_0410,471.41659195185264,400,50.47045588053945,6.444833723921719
PV_0411,1007.5526719931842,400,96.89643395983953,11.013206094625604
PV_0412,1008.0160748969226,350,98.47486340599458,11.97067470101798
PV_0413,687.4222049047933,400,72.05213549163976,6.946476244054787
PV_0414,737.0616303443294,350,71.75081696479529,7.58888504763634
PV_0415,581.1786936815718,350,56.08506974772851,9.776567505621896
PV_0416,449.2291559433549,350,47.15081535237697,11.089566243720595
PV_0417,479.36486356442856,350,51.39671466943365,8.744354673494273
PV_0418,771.6406876654827,300,73.1800611360395,7.132205585422635
PV_0419,839.518350022028,450,78.96618246463477,7.30097472678899
PV_0420,872.8421871669713,300,85.05105561306728,9.564945171974454
PV_0421,871.1754213753708,400,83.92827993798039,4.0257461088342295
PV_0422,277.52518759138684,300,33.671633433796856,8.956714699678725
PV_0423,620.2572589971942,300,60.82562867801133,6.843944083530859
PV_0424,248.92494601414765,400,30.58261862568813,10.353578650216674
PV_0425,667.0995499751753,400,64.39287888721914,4.743925118585057
PV_0426,575.3009261673704,400,61.126074752038456,8.705618135587123
PV_0427,954.5485553445548,300,93.72475054109654,7.84778311908899
PV_0428,498.2777606692669,300,47.73814000129246,9.13860420724182
PV_0429,299.5069639634649,400,33.13431478641349,4.518828755863747
PV_0430,321.54292974491045,450,33.589825890592195,8.63987029942505
PV_0431,847.2840369598514,450,80.39408330557013,8.49187670367619
PV_0433,285.9542747043717,400,30.68200030062527,8.827901332771638
PV_0434,271.4907851977478,350,30.772067208995285,9.411743497810898
PV_0435,795.8237617402519,450,75.13512631771768,10.439911997446158
PV_0436,261.8485554095645,350,32.77529553331034,6.158565761025715
PV_0437,898.5810503968028,400,86.55275012631887,10.600395281440496
PV_0438,800.3058930830218,400,76.22165702871372,7.986045458107629
PV_0439,269.1464635456148,400,33.31950158172576,4.616466233074649
PV_0440,272.11205697241314,300,31.76282463118695,4.468407433951834
PV_0441,1038.6436417259993,350,97.6055717708948,6.673906549568486
PV_0442,518.1301763927022,450,58.22469521912603,10.27917581689174
PV_0443,515.0458250068573,450,57.13004775505874,9.661447477927323
PV_0444,890.8796321688772,450,82.47581564203557,10.30891971737925
PV_0446,1038.1009042494402,300,100.2670682474314,7.521591983643924
PV_0447,840.3714574701004,400,78.560915663077,5.179620213650272
PV_0448,519.8206477012784,450,56.23169916399581,6.625542028874492
PV_0449,270.9756091938684,300,36.877756577510205,7.472154929391002
PV_0450,860.5748785383213,400,80.34250266014628,4.708803437436938
PV_0451,674.6436122754343,450,65.05094999087626,5.76489562168969
PV_0452,560.5887078599299,350,60.1941938352028,8.785802352509911
PV_0453,970.4012273305256,400,93.1628426001588,9.88530491391352
PV_0454,294.51785996022863,300,36.41270878471824,11.986780091143595
PV_0455,618.7313386472304,300,63.44363682601583,11.46490665074846
PV_0456,209.6505980523062,400,28.79704063676639,9.140521596281532
PV_0457,598.3615456950074,400,57.54455106329793,7.369984426352576
PV_0458,247.85778432956172,300,33.686205934566374,9.089418917665862
PV_0459,300.9952288278611,350,38.50856943143764,10.285212944641856
PV_0460,299.89730976053914,450,34.91779446947576,4.9466895273870986
PV_0461,751.828756798654,350,73.79675195335093,7.279239117570306
PV_0462,834.1381473756098,400,77.07397377053753,10.718418285084937
PV_0463,695.8634503325857,350,70.43403016831438,7.070663615464352
PV_0464,1017.8466662033608,300,97.94711023157105,8.574978169817491
PV_0465,518.6399925951484,400,53.928921828089344,8.702154886897585
PV_0466,442.8552733395816,450,50.4535816335407,5.475810025069115
PV_0467,938.3092589610412,300,88.92109393423866,6.897883533218307
PV_0468,390.05646274153474,300,44.56631414776445,6.676090309935457
PV_0469,1018.7391585245196,450,94.04366762785388,4.209573668256518
PV_0470,210.3313034863439,450,27.81928041915364,4.193534111130842
PV_0471,1024.3970027014932,350,96.63785958486984,10.653576349406189
PV_0472,236.6859251579897,400,30.68157344353148,6.184566479782499
PV_0473,957.4716466433604,450,90.46127264260224,8.144630129910524
PV_0474,648.5459427233549,450,64.797723642306,6.389804588710184
PV_0475,1044.0200767014053,400,100.80682444822322,11.525433960922724
PV_0476,262.72708002508904,450,31.23989120903703,6.07437407092619
PV_0477,670.7761417411227,450,62.99952929614874,7.437254501911481
PV_0478,1023.907155276234,350,101.40606795899346,10.981842003876814
PV_0479,644.6331675446265,300,68.24745443801946,10.73546853433447
PV_0481,791.3863856369246,300,78.99211229225159,10.421146478365683
PV_0482,586.3599050526072,300,58.58315500309326,7.665495093903141
PV_0483,733.424368071454,450,72.99978932440125,7.863750976682842
PV_0484,696.6671651346352,400,69.95226935897773,5.06783977932755
PV_0485,965.9843089173406,400,91.52264675718315,4.644812110056997
PV_0486,238.6294232902392,350,28.32408681570434,9.823514455790122
PV_0487,438.8187111533958,350,45.57323781724799,7.971689218842398
PV_0488,1007.849761465075,450,93.37674993582829,7.494805620921436
PV_0489,956.7242163072788,400,89.2420028655426,9.836065829219171
PV_0490,587.308239867856,400,59.75325466364437,10.124103191928878
PV_0491,727.1127081313062,300,70.01518021838416,5.2712653413548285
PV_0492,435.77400553396274,450,48.74592063466839,8.88180119582113
PV_0493,359.9029857651971,450,44.309869178381575,5.082832658221484
PV_0494,594.1436441989848,300,59.052076653488605,10.011000688232365
PV_0495,500.3493938221449,450,53.12820972622077,9.255641250137115
PV_0496,696.1076950732413,450,70.41836685698284,11.652916968667665
PV_0497,266.0744414202371,350,33.796333198018345,4.5516641308513694
PV_0498,1028.2355865162417,400,97.58991302367076,4.4564377692100345
PV_0499,1038.2791328076623,450,100.1104323345506,6.257496597545601
PV_0500,793.4374569167834,350,78.64780621962824,6.093645469887248
PV_0501,655.6819113925023,400,62.63880641254445,5.975830392575999
PV_0502,463.0984738433786,300,51.53626043766037,11.250036644168294
PV_0503,891.7257667509064,350,88.0149172669939,5.996369598796049
PV_0504,782.0214966707974,350,74.56361195657134,6.175597809029048
PV_0505,338.2243984431576,400,38.843918456287405,10.07518609934371
PV_0506,974.288106819766,300,94.5228115617078,7.59791873960432
PV_0507,899.1566564846936,350,85.90503125225055,10.213684455641449
PV_0508,1007.3299262981354,450,98.30548885475656,4.522929260515082
PV_0509,816.861582130106,450,85.34291571760743,7.900569549387074
PV_0510,721.4029165454214,450,69.35428282477338,4.268908801466261
PV_0511,555.506580847026,300,53.76544786411278,4.501225627642836
PV_0512,992.8192108509112,350,95.14917941133966,11.251499626755288
PV_0513,936.1543060753472,450,91.37702227921989,5.113962968940761
PV_0514,238.435869590261,300,29.689882980560263,8.259365458201737
PV_0515,222.4119283226642,450,32.538165565729045,7.288764820805652
PV_0516,519.9938618463422,400,50.85296375763097,6.778746610070741
PV_0517,888.9703311645579,350,87.29477470656646,11.19866676549818
PV_0518,1039.1847099177028,350,96.8160482911075,4.174587174203916
PV_0519,327.85435743799894,300,42.16606514774816,9.310317489404714
PV_0520,705.0111080493149,300,74.90723256711206,11.707155473708404
PV_0521,523.7572281363682,350,52.60272292213293,8.481345467694736
PV_0522,1024.4272381424128,450,95.70242240233364,11.494579696264736
PV_0523,915.8010846653524,450,89.99206191400447,4.41806303428819
PV_0524,912.5793990044672,400,86.60142229090593,7.350346552593291
PV_0525,598.3891858257248,450,60.74955275035602,6.081262327696409
PV_0526,552.5965769870154,300,57.03418009525234,9.846567719845838
PV_0527,432.3960111411003,300,41.95447805649938,11.850376723977972
PV_0528,247.9191721532881,450,31.038535267793893,6.052240499553983
PV_0529,935.0140198167952,300,87.75187224926717,9.233396811792597
PV_0530,890.9658577605659,350,84.49929085364867,5.584781062077921
PV_0531,1049.760022293211,350,102.83868190359496,8.52264203657288
PV_0532,1047.1413115128196,450,95.86574424289154,7.71145989350669
PV_0533,672.1169497622334,350,69.16295369665978,11.776042637052296
PV_0534,853.6393029034339,350,81.86193342096237,8.868218181571732
PV_0535,1003.0508704000638,400,94.55992356276585,6.79605097669455
PV_0536,922.2002820757996,400,90.36295371657224,4.912766279103467
PV_0537,410.245886481718,350,45.72102858736826,5.2099746298794765
PV_0538,582.9625150135795,450,60.97834626920309,5.802535439609881
PV_0539,309.7855028787707,400,38.75222939602767,6.007733290722384
PV_0540,1010.943373169914,300,95.1019157614844,10.804928462729102
PV_0541,715.248439283248,300,69.26552550280671,8.4897823062602
PV_0542,394.3463846779433,300,40.806566381230695,8.187127290994932
PV_0543,770.9455817449782,450,73.46684812337577,4.91815097495374
PV_0544,725.4090043892114,350,79.03250143635479,10.88111754679548
PV_0545,504.4383103279145,300,55.9889553297147,9.78251442566787
PV_0546,296.52395336968465,450,31.82685012090314,4.541346895200013
PV_0547,770.8372162538797,400,72.21501848972086,9.66268077783815
PV_0548,642.2615457682243,350,65.7968965445953,8.348305738741168
PV_0549,856.4706329752934,400,84.16816579634485,4.653802765974226
PV_0550,642.1389759451944,450,65.95402254363493,7.666405132229252
PV_0551,924.3542752707592,300,87.93272391413028,7.877570297040376
PV_0552,669.1208129583126,300,66.56163345144932,5.326196321306206
PV_0553,676.7972758050784,450,68.34746725383005,11.56558517600226
PV_0554,945.1555622595932,300,90.55295530779875,10.799802971845295
PV_0555,542.9604362805375,350,50.60338615197685,9.352178698632866
PV_0556,313.9129441830446,450,36.10810117912081,7.698364488004858
PV_0557,224.4652748663381,400,26.95103227798796,7.294124332676068
PV_0558,841.8666673225762,450,81.99669526969026,9.207787737207632
PV_0559,727.263118650445,350,79.28051259179635,8.363454955255243
PV_0560,798.46780288434,350,78.78846740885467,4.498184847055085
PV_0561,381.0195372825741,450,41.602836453587805,8.100021190162654
PV_0562,315.9157542487543,450,39.15734286608725,10.451228937862716
PV_0563,212.36296581769963,300,29.2575718125275,7.673919020775664
PV_0564,497.99942498560745,350,53.38018734990624,4.415652620434147
PV_0565,701.4300338264381,450,71.13867935828642,10.290225595072265
PV_0566,533.4074383347725,450,60.48099117052952,5.610910257087795
PV_0567,571.8536837201698,350,55.78034202789965,6.06896667910431
PV_0568,968.5348903196862,450,93.50954586920196,5.317650827458367
PV_0569,496.0171469698053,300,49.84550466747961,6.64172051897198
PV_0570,636.8910657858391,350,65.52452220765196,10.05401204550908
PV_0571,866.1050608299716,300,81.32221389183236,8.155086876031499
PV_0572,537.0613649730797,300,54.60679898869906,5.6390501932057004
PV_0573,728.7736951936924,300,71.20803930586911,11.022640625216326
PV_0574,933.0091524347334,300,91.74531975531411,11.036654839612233
PV_0575,1007.0925301089958,350,97.89900116912068,10.964627400368055
PV_0576,325.0124587896822,300,34.511765556007035,5.910369691052314
PV_0577,987.5994813872702,300,94.0832911954176,7.609914753447905
PV_0578,618.2988491176075,450,60.7814525381237,11.879917249127
PV_0579,419.5077300541146,350,42.51189477791141,10.176099810479922
PV_0580,590.2653928025221,350,59.630015762153455,4.217339369804479
PV_0581,1033.0276889926554,400,97.03614659323615,4.521636730083936
PV_0582,618.7253798939391,350,68.65844850684863,7.711451014498662
PV_0583,479.438868744382,350,51.834703406674215,11.27376164689248
PV_0584,738.3907261692169,400,69.31916797249785,8.309614383621714
PV_0585,404.1237759614641,350,42.938585946297096,7.982500064274322
PV_0586,264.4838288923644,350,35.03458369442447,4.843789599653045
PV_0587,309.54776362405187,350,41.53266684021923,9.254240837794352
PV_0588,308.8389631141066,350,32.28635358410416,10.576825284801805
PV_0589,329.1172894854502,400,33.27515864341566,7.043360060060499
PV_0590,318.0030967519986,350,41.707676162349344,10.20489480740262
PV_0591,744.7435330827324,350,74.27723575545951,11.715813231206493
PV_0592,354.5980717392731,400,37.9701042681473,5.630131673021513
PV_0593,493.8171908252837,450,53.31103393545521,8.18663704955793
PV_0594,962.27014842011,300,85.20359326816718,6.297103664676604
PV_0595,602.8673942234416,450,61.25216727548544,10.342835352270717
PV_0596,767.4240777428731,400,76.05059954025194,8.620746927049261
PV_0597,346.4718905213854,300,41.760786043162334,9.07665934040243
PV_0598,363.44566598737015,400,38.35814172819512,10.383313276927153
PV_0599,234.73832382650704,400,30.1669754287615,7.167763781299639
PV_0600,343.5948036113399,350,36.89199674181493,11.320720547256348
PV_0601,436.8017881771648,300,47.7666113842448,8.26423093796912
PV_0602,350.4589116352348,350,37.5506416830874,5.263638582682784
PV_0603,275.3971536934973,300,32.38850596604672,9.56719294535042
PV_0604,302.5404904355107,400,33.22640320004284,10.346090803506035
PV_0605,591.6619528278169,400,61.919106594923576,6.534093416540213
PV_0606,375.3836606449236,450,44.05373894646017,10.857434055990025
PV_0607,509.6293818908641,300,52.73194603582992,11.249146038126131
PV_0608,627.9046802266283,350,63.46749280666348,6.215235899022471
PV_0609,786.8356043349605,450,73.25954783188779,11.868171781721776
PV_0610,233.41531886493408,450,29.09111048350243,5.125692224390067
PV_0611,879.4988390726862,450,84.63188977857398,5.61612534721992
PV_0612,733.7153310672716,350,78.91778586829302,5.473798713904209
PV_0613,269.4951771565411,450,30.12717249387059,11.151917680062963
PV_0614,942.5418304907606,350,93.77649868859577,9.234340418599697
PV_0615,982.7415404520412,450,96.02517787208802,5.216834265778183
PV_0616,251.91626587663416,350,32.114473610739246,7.522587346946792
PV_0617,435.3460009251232,400,51.40096128912331,8.922384200558415
PV_0618,885.2710878241021,400,86.17830614656584,4.667712679915066
PV_0619,836.0207368261096,400,82.03466061938914,11.05933094725871
PV_0620,356.8428664529207,400,40.19884201595439,10.42882828353228
PV_0621,377.9469248362037,400,45.18441081712388,8.041654188613105
PV_0622,514.9012873726747,450,56.50778251120456,11.737012922073363
PV_0623,611.8445374123681,450,60.44259246131077,7.342087834200798
PV_0624,725.5165558007516,450,68.37078925656698,11.872882552291983
PV_0625,513.5765936343066,350,53.146558865426925,9.343359990429017
PV_0626,593.1545087131757,350,58.41803682962582,9.077370186031532
PV_0627,835.350297413693,350,80.84596384362553,5.32763916236628
PV_0628,231.18072245700824,350,32.74395674555605,11.055422066437153
PV_0629,414.5714026924177,400,44.09531509113853,7.419917503364921
PV_0630,806.3471480018695,400,78.43244912687997,5.297867246259835
PV_0631,960.9258120341194,400,91.82375085992116,4.100860159806072
PV_0632,634.9258257983163,300,66.0897723983701,8.47804546910706
PV_0633,652.2964624755183,450,59.82797597545754,8.219196976981411
PV_0634,291.0962096388096,350,33.22642708238558,9.754828978953269
PV_0635,580.3005117999364,350,59.85375273369328,11.122064424142415
PV_0636,652.7246764867697,400,68.48179489244258,4.635252677144236
PV_0637,406.0999280895202,350,43.2887377688437,9.8519719227229
PV_0638,428.8567463069738,350,41.76144167098809,5.499295552780658
PV_0639,520.6915386389293,450,55.80805939922433,10.865416425257312
PV_0640,217.0605181110674,400,26.861738067376656,10.55250811089325
PV_0641,473.76729074570153,450,47.29605306565873,8.326350039884355
PV_0642,379.73080594706295,300,40.716255031217294,9.681942388986492
PV_0643,478.3727493512274,300,50.20037030071472,6.514800905469987
PV_0644,301.7978120463636,300,34.14095236259537,7.769343191462517
PV_0645,956.9481886289108,400,85.82668089070974,10.573095181683772
PV_0646,704.5535855209414,350,72.12972026149784,7.674121577385711
PV_0647,777.2369712728162,400,79.25233016138618,6.862386122603534
PV_0648,870.7955528162375,400,85.64642696772897,7.953699578002399
PV_0649,623.6758690896986,350,60.16823469656234,10.625994019497746
PV_0650,273.8822448743101,450,32.77626197944757,6.681664378966982
PV_0651,656.5405605457656,300,65.78964435831644,5.39009274508595
PV_0652,698.8149503177473,450,70.8962567509133,9.696112162646246
PV_0653,833.6235530566805,300,82.52885323161306,10.607825701664655
PV_0654,566.9106142952276,400,56.3519677181481,4.805099828188267
PV_0655,308.4432573762292,300,36.42266576801338,5.918992902047558
PV_0656,441.2095199289158,400,48.64601020549595,5.135775918087951
PV_0657,508.6199519388399,450,56.87225172016831,6.783531292657333
PV_0658,749.0296551318611,400,75.42878703577001,7.602807831243301
PV_0659,685.161558968575,450,70.21137423076767,9.99061069570645
PV_0660,502.6822170131693,350,52.93755501594279,9.209180679053391
PV_0661,1038.5379614740327,350,101.80187458830154,8.967428539827448
PV_0662,714.9085964533541,350,71.79163768843384,6.818999572877235
PV_0663,401.64277297559534,400,41.98691592749168,10.73158042467808
PV_0664,286.5151017273432,350,37.86220857213715,7.770297339185316
PV_0665,329.93026830668225,300,39.788830987415565,11.832839504121235
PV_0666,409.0640691268319,450,43.66283582295951,9.073137106365897
PV_0667,336.5791672706223,450,37.410496799504784,5.010117932516022
PV_0668,358.58197044360986,300,41.22090635055875,9.409420496603472
PV_0669,442.3308933897701,400,48.75608792629942,6.600832123453592
PV_0670,347.36755600054164,400,40.01947292412406,9.49061757348878
PV_0671,962.2506109324614,450,92.56957361286644,4.557129185299246
PV_0672,268.19868381239587,350,37.0467815604946,5.399051497407675
PV_0673,645.8346811347164,400,67.57480577703812,10.84589807124629
PV_0674,548.8373029412123,400,57.127759728165614,5.817436456188119
PV_0675,1035.0218243723157,300,100.33013152356553,10.69632900194352
PV_0676,295.2330668428445,300,32.51350092282294,6.234208707635284
PV_0677,538.1772591888804,350,56.73988465592186,9.14305528046966
PV_0678,1024.0498682840637,400,101.56750467847816,9.553204588078648
PV_0679,935.6810570098831,400,88.98777510735916,8.101238025160423
PV_0680,894.511260306888,300,83.91437230453776,6.44248541357385
PV_0681,419.2174029881989,400,44.00325703251425,5.701155010968769
PV_0682,345.25444928155594,450,36.62254559557629,4.26551483649941
PV_0683,768.3467369357663,300,73.34756786922088,6.431571209925791
PV_0684,989.969590758448,350,93.221144967993,9.225302324250263
PV_0685,673.2484590618403,300,63.71220147230983,11.506438547587862
PV_0686,685.8707860494148,400,68.33806264907426,10.969635858104416
PV_0687,437.9822296112416,350,49.48418245142215,10.12851821228242
PV_0688,854.0689932131463,300,80.32647397275015,10.30757874602639
PV_0689,358.98718627389485,450,44.31212064238548,9.319879227807965
PV_0690,475.1273509436071,450,51.6628050515256,6.082294860528024
PV_0691,561.6209728239543,300,60.31423415409626,11.25756024564664
PV_0692,631.4688218817868,450,62.03026347532153,9.365858495246671
PV_0693,406.04827255281816,450,46.65041623465609,8.48352504784352
PV_0694,297.611301028323,450,32.56712583641917,4.887915753707849
PV_0695,719.0270360753877,350,73.34291681849922,7.576444350451403
PV_0696,445.3359702542174,450,48.28315582109231,7.68286616961541
PV_0697,694.0524882092204,450,70.37758954774569,10.91650887618136
PV_0698,331.208307983072,450,35.21371966449899,8.373185761502308
PV_0699,608.9690865765949,350,59.52469775331906,7.043204391763277
PV_0700,652.701017668848,300,66.97265704748554,11.814402628085276
PV_0701,244.0500062990629,400,28.373380524859844,4.885764746610525
PV_0702,486.1136364648325,450,52.47767482975857,7.380387426495557
PV_0703,314.2524753981281,300,33.29361589269028,4.336197401371242
PV_0704,253.86872490185257,450,33.69927714832414,9.919232966135445
PV_0705,1041.4661975314534,350,95.44331850325229,11.344612417593204
PV_0706,474.0007682285145,300,51.67081514362255,6.240298636403916
PV_0707,888.3932789764397,350,87.07750604711238,10.866733414392968
PV_0708,416.44455654919926,450,43.655857760608,6.337745843695182
PV_0709,779.2773138903399,450,77.69363809839071,11.286161293151322
PV_0710,846.1936809062336,350,82.57756853536375,10.031695228774272
PV_0711,706.2929295166676,400,68.68779436843491,10.439254214731507
PV_0712,600.8397602676346,350,58.54999291255842,4.144052444803636
PV_0713,550.0647770251783,450,51.84894181795871,11.702482856592209
PV_0714,496.538026561546,350,53.07985737598064,9.813367936562583
PV_0715,990.099772610652,400,90.24647374350027,6.4380087630890666
PV_0716,906.0264966195698,350,87.25061271126671,10.635157318870776
PV_0717,1020.2728740665356,400,96.06457375544991,6.25216958731944
PV_0718,305.652639962713,400,37.678331335426094,10.982030716529025
PV_0719,821.2373539230977,350,79.05006133473866,4.900643123295496
PV_0720,997.589388297882,350,93.97147853945226,9.629487819686366
PV_0721,354.04810624081114,300,41.92376579118969,8.325587813159283
PV_0722,256.52182726176085,450,32.64200038995997,4.772275761563527
PV_0723,829.9525518965502,400,81.33635680416373,5.935150626070712
PV_0724,688.3021462029251,300,69.67885140176996,4.099232290218518
PV_0726,318.80652013234607,450,38.99052591121688,6.410122086080003
PV_0727,875.9772150809067,300,85.98923526691108,8.78685987438207
PV_0728,371.3832220405829,400,39.025866052008304,6.3779024616689375
PV_0729,339.1075514358488,300,38.21394068786165,6.3993528920558775
PV_0730,339.625928241344,400,38.76993568144517,9.945545589852829
PV_0731,892.3885121966748,350,85.51678157571303,4.385142687826828
PV_0732,765.4176375917701,450,75.8951491117218,11.2231599615359
PV_0733,644.6056110537514,450,68.36989389414683,10.818110995129452
PV_0734,505.0059115049771,450,55.62991929710513,9.342437465811251
PV_0735,945.620459691142,350,87.09719109016856,8.745772560859074
PV_0736,533.5783413092402,400,56.90933398705054,11.138419985117215
PV_0737,894.1095235508405,350,89.32164280065999,5.482641436229716
PV_0738,573.2646722846857,450,59.6945184459213,4.631753297526629
PV_0739,520.4027650111714,350,56.96168608891448,5.916081359276305
PV_0740,593.2778178191654,350,65.45929062888098,10.356626229601522
PV_0741,456.1711930395208,350,51.33382527362672,4.277362133811867
PV_0742,835.4679731498135,400,81.63804920683847,8.662454680667917
PV_0743,627.3123315786072,300,65.9342693693935,11.96350012953048
PV_0744,397.3807908747947,300,44.139586807099775,10.845568750700316
PV_0745,964.6383872833832,350,92.05402052729995,8.171565512348716
PV_0746,526.3075381672297,300,53.8576051549302,4.509127274293139
PV_0747,662.0199319468903,300,70.18022761256596,10.650988115085678
PV_0748,970.5012943198648,350,90.44653835233352,8.791828065417684
PV_0749,730.6022965268933,350,75.93211451648122,4.919463976476535
PV_0750,299.3633346021095,450,36.69554375053024,4.75085827858685
PV_0751,998.857305071454,300,91.40460549406872,11.27701455549274
PV_0752,733.5518451107051,400,73.27103006688849,9.353602103504628
PV_0753,484.6697724585232,350,45.946864389845416,10.634294394534043
PV_0754,318.38126176387914,450,38.62617729200731,11.03183120225814
PV_0755,874.9214108797515,400,86.58139863225136,8.574178816386578
PV_0756,727.0618425392365,300,70.31936672670497,8.13957081404033
PV_0757,653.4419281798732,450,65.85143313517817,7.4434192825679215
PV_0758,959.808695593314,350,96.46913270980744,6.535572702328954
PV_0759,870.3076295408512,400,82.71178175031751,7.476767686869694
PV_0760,328.92364777283854,350,35.31124109304978,10.191037245841253
PV_0761,464.963757626216,300,53.22607790438486,8.815387448121053
PV_0762,411.2157688422959,400,49.85980832792214,11.140186319638769
PV_0763,832.3543486867754,300,80.75935881799553,7.547040115033502
PV_0764,228.50256952541247,300,31.95137599818095,8.856716629750032
PV_0765,684.4062321406191,450,71.52821952077981,9.05046042473591
PV_0766,848.089882879587,350,80.23142946341893,8.733577298450605
PV_0767,945.2507912474872,400,89.13305266761674,9.62107018468413
PV_0768,490.76948640852135,300,54.79259262761115,5.89946774699845
PV_0769,898.068708971211,300,90.5483759593242,8.098910220366324
PV_0770,294.03697641192616,400,36.40034514544961,4.833798422466781
PV_0771,919.4844479743404,300,85.95664219406382,7.0760906211585
PV_0772,308.36536298218505,450,41.178708632734335,7.901336548970115
PV_0773,537.6941969763122,450,54.37657949845664,9.21779407636378
PV_0774,877.7010609126206,450,83.76674572464412,11.604248420689627
PV_0775,327.4298132464577,450,38.68737871217296,8.805208532386846
PV_0776,394.8636859477453,300,47.448814357345285,9.948751329412476
PV_0777,813.9146831341063,400,81.31768800777961,8.050128475961621
PV_0778,812.0310560641632,400,80.05980351635866,9.07283225101065
PV_0779,744.9754879525027,400,74.481137801258,4.567457729070187
PV_0780,789.856177797035,400,77.24656178435664,6.035132646734776
PV_0781,661.3157768454568,350,67.6071898181601,6.89482474564111
PV_0782,414.0292000709098,400,38.86858181179159,7.779946840052109
PV_0783,493.8415944783315,350,51.235016882983686,4.36518996401907
PV_0784,354.3580592812118,350,40.72373987619496,5.1201927804265415
PV_0785,972.182977133584,450,89.75801784730588,6.214514462330446
PV_0786,695.8830255512024,350,70.11586546638111,11.772261527208403
PV_0787,540.7237042490939,300,55.45033680870768,6.650776056824406
PV_0789,1005.190838670043,450,99.3737705999908,5.568781701907144
PV_0790,330.34869264866813,350,36.91512495234139,8.886240568606146
PV_0791,698.2953572142776,300,68.97801108429685,6.245465724127794
PV_0792,630.0053770517961,300,63.36558813538169,5.655940627507414
PV_0793,719.7361001194506,300,70.04841981975424,8.132581027567833
PV_0794,215.39365624771443,450,28.796023241126047,4.044046393283367
PV_0795,941.3053226025288,450,88.11524724899597,4.061312261193803
PV_0796,992.3005401110704,400,91.51900757209718,5.752550472814862
PV_0797,680.3632060508276,450,69.38765057407102,4.293770900006569
PV_0798,792.1532002953584,300,78.90684598565998,4.864206033045531
PV_0799,984.1244740007012,300,91.63979089090964,6.710885194710013
PV_0800,801.1528391663888,450,80.33637990604956,10.420685436638504
PV_0801,329.6581864771222,350,36.442001527642056,8.576389146954407
PV_0802,689.8451061417911,450,69.2697471171472,8.10134180765133
PV_0803,715.7077894254276,450,72.88602213269249,6.347910585664973
PV_0804,560.5110706070282,300,57.55940958983811,11.454029755462532
PV_0805,825.9776002810144,400,81.34494830423907,7.176120329897533
PV_0806,994.2119625536626,300,93.2169427073424,4.696742134366172
PV_0807,986.73323597076,400,93.38115859894437,8.93653212894241
PV_0808,583.2134656935123,300,59.058496006747696,4.910707147812811
PV_0809,296.252338964642,450,33.315002945643975,6.761785142413537
PV_0810,1037.1150191179845,300,97.71284121723924,8.059295509742471
PV_0811,913.063373479044,300,83.73884099855937,10.993780197481406
PV_0812,305.9632790227768,300,34.77899434908077,7.948372642720949
PV_0813,982.7156002247664,450,92.818637285681,9.618070128253317
PV_0814,939.411907752809,450,89.20956277775032,11.942534711992565
PV_0815,641.0123485571613,450,63.88230601268177,5.051912959183853
PV_0816,702.5841203831899,450,69.56523973292083,6.197852204156156
PV_0817,539.1522982896107,400,57.02654914983208,7.156608604781171
PV_0818,246.54739299872665,400,33.14282109022307,7.374625428310651
PV_0819,484.91765539901576,350,49.59358764179567,7.288168602124366
PV_0820,882.4254313083097,450,81.99815952273347,11.26088802045244
PV_0821,203.93721955391243,400,24.729552631474803,9.71226115573485
PV_0822,483.47429593747256,300,49.87730785169785,8.86324171272563
PV_0823,538.4433895523018,450,54.887884817404384,6.474981742902257
PV_0824,656.7862624972345,350,63.901842146771294,10.590323073770357
PV_0825,981.8772739508464,350,90.2192766251972,11.640484091879912
PV_0826,494.3940952110671,350,50.883196024255234,10.569586260401811
PV_0827,494.91022161179353,300,52.52093538728738,4.012520841531783
PV_0828,826.8760608932861,400,81.77203884051823,9.091210961467256
PV_0829,584.3852497563361,300,58.27918859651777,4.409083051536806
PV_0830,390.9140994989847,450,42.19520390205512,6.060857762669775
PV_0831,584.5735887127894,350,57.37200926846883,4.4761976027821735
PV_0832,319.7284673228299,300,37.098321796503605,8.830363623595101
PV_0833,349.9289385302898,300,37.6228881895976,9.492719307940854
PV_0834,623.6126068285578,400,64.43989111353042,4.915901104527241
PV_0835,556.0866320788657,400,52.80269749686831,7.070711064359836
PV_0836,977.619015907885,350,92.19854217103908,7.649892071644336
PV_0837,508.03481424913815,300,53.9357275591561,6.952424174087333
PV_0838,693.500097736337,300,69.4070945983949,4.968200003881544
PV_0839,737.4246447316008,400,79.41367896213731,7.351582321499803
PV_0840,211.1302881000836,300,28.82057454992688,10.009424382467344
PV_0841,764.006766214204,300,72.43043863610232,4.568061316266044
PV_0842,351.3305718392887,300,39.62443798861687,4.641440112655228
PV_0843,1016.9097698490368,400,91.996714603502,6.838170334687874
PV_0844,326.36331859014604,350,37.53938270692051,11.5338056929514
PV_0845,552.4305051679702,450,54.873952796775576,9.348581173783312
PV_0846,272.5472178668473,350,35.45498920758243,9.42935965338052
PV_0847,1047.3431140690552,450,97.65031400938086,6.89535992670292
PV_0848,626.8657587815562,300,62.99167470694417,8.749286329668308
PV_0849,706.0772647220372,350,68.42767289786217,4.081049472221947
PV_0850,257.01500578016334,450,36.193403870947215,9.088768371276338
PV_0851,837.4663998393012,400,80.38153707104583,11.306295580609897
PV_0852,378.4197541312479,400,46.74707170985408,8.900587746758553
PV_0853,963.3461460246068,350,93.91980181738724,10.98958874773076
PV_0854,374.3686944097061,350,43.02650584316349,9.791784443728751
PV_0855,362.0845625641166,300,41.699020686243706,4.964467331229522
PV_0856,231.06721767088064,350,30.625206747565485,11.219626458286733
PV_0857,601.2569033434993,300,56.28765533583341,4.531550754846199
PV_0858,680.114963273224,300,67.11256339284715,8.27173978038211
PV_0859,255.85234351409952,400,33.860344126659264,5.137096990347661
PV_0860,859.198474190759,400,82.90962734752927,4.0936528858472325
PV_0861,585.2955095358235,450,56.23714369353606,7.376274081021112
PV_0862,645.7317289284431,400,64.756185832474,6.36032566123325
PV_0863,574.6483348974939,400,63.10537225692572,7.888003950380824
PV_0864,540.648601744027,350,59.0723604370791,8.617599093876407
PV_0865,675.6942816119852,400,67.27900391360366,4.349912578471579
PV_0866,331.9542090411056,450,40.5947309611392,4.984026360989965
PV_0867,354.6389109209805,350,39.22803987736321,8.469139171603402
PV_0868,932.5177778614895,450,85.00433215115984,6.745338825381266
PV_0869,1004.198142813588,400,93.04567716883108,9.833387900395584
PV_0870,517.31291883779,450,57.87882002248264,9.218333188735516
PV_0871,430.1329721720207,350,45.8763199300485,10.764834903919256
PV_0872,747.3996117531634,300,72.92050705058135,9.5399426133538
PV_0873,547.4240454333819,450,55.78144837115027,7.439448619121185
PV_0874,221.57840231129316,450,33.59450567039244,9.38373297915546
PV_0875,332.7297077612618,350,42.346922448112416,6.203049394043348
PV_0876,808.5763945202879,350,84.2759441178448,6.450507990225701
PV_0877,760.0853506236286,450,74.20964177700831,10.311881279366348
PV_0878,223.03159362796097,400,29.69674668024442,7.571356131212657
PV_0879,388.6763376430071,450,39.245882326103626,10.38704272414682
PV_0880,396.4135770998607,350,47.387490118783845,10.579378989346228
PV_0881,771.1088320589191,300,72.6248018468383,10.86049870129027
PV_0882,216.75395709120957,300,28.966025262159384,11.33308188672966
PV_0883,288.49229468688776,400,31.778588729303348,7.44788176410637
PV_0884,879.9286725672109,450,83.3217701013662,6.550934546569111
PV_0885,351.7629627461836,300,37.80669575580136,8.65758997275291
PV_0886,754.8341916740935,450,72.6412181406084,6.969379387501021
PV_0887,402.4553638897176,350,42.86089917275355,8.808593334401863
PV_0888,284.5251838454434,300,32.81396863955,9.644686901150596
PV_0889,406.696362349536,400,46.65252557916133,9.507240147937097
PV_0890,813.9268920773103,350,76.42162884391507,6.996423096160971
PV_0891,927.3419978903428,400,89.37542338821382,5.334881613590023
PV_0892,905.6868848819428,350,90.02828309572905,7.44423470769766
PV_0893,537.6060001756866,300,54.41351910364988,5.14075315265527
PV_0894,767.8723660850493,400,73.47435389036019,11.120776281470466
PV_0895,374.2366511034478,400,41.23380378084244,6.767019685902859
PV_0896,449.1755707218613,350,51.12923653225999,5.23567797778659
PV_0897,961.8854457429518,400,92.2455319655343,4.203582079246007
PV_0898,211.05163498412563,350,26.611353237131684,9.166579090291874
PV_0899,272.68225122629786,350,34.38768298220542,9.095218539637946
PV_0900,376.7033168741232,350,39.264051559709415,6.724833332650333
PV_0901,222.55237329274675,350,30.62035050599085,4.573695110781208
PV_0902,354.22011982632773,300,41.13022845449228,7.277031159161856
PV_0903,695.5853268242383,350,68.35523160221305,6.489739960507149
PV_0904,558.2108680036233,450,55.35145928418992,9.416965117880077
PV_0905,958.7709544154286,400,89.2788288196028,8.846233995621523
PV_0906,894.8270274776747,450,87.39734067646714,6.91674982558032
PV_0907,490.5447489431946,300,54.7687549163942,5.743140434039921
PV_0908,420.5099184165986,450,44.1500736978389,11.904287729244736
PV_0909,522.7385469421769,400,55.57874324896375,7.632012969568919
PV_0910,701.7507011375866,450,64.4312420501897,9.506193886241896
PV_0911,427.8540946994448,300,44.906053722809816,5.124423740626886
PV_0912,730.5265716717639,350,72.01711125992269,7.884717597275182
PV_0913,547.9999043625544,450,54.30578332836254,4.220293758955724
PV_0914,669.2401037241832,300,64.54414287958159,8.043640943283599
PV_0915,570.7075497650192,300,56.840692838854416,11.71213925694162
PV_0916,450.29589561063005,400,49.00563294771949,7.073653703886402
PV_0917,1006.1853109178332,400,95.05742888199988,4.311968100599293
PV_0918,849.0649250357967,450,76.5749405447303,4.247646327354748
PV_0919,319.0961994014847,350,31.821426567538538,7.103894079574956
PV_0920,938.197779513226,300,88.22964831398127,5.280199491705552
PV_0921,614.3165185120865,450,63.36112053866124,4.186816770625487
PV_0922,960.3693928599776,300,84.76263628628502,10.049708911601414
PV_0923,879.8769675552179,300,83.54021680181445,7.668184071055125
PV_0924,561.4314787988485,350,56.40605605660858,6.313958175781236
PV_0925,219.09891207209975,350,32.0942519716496,11.200665464131845
PV_0926,428.37575547720417,450,45.4493846862802,4.929111681604205
PV_0927,660.389082461737,350,67.09054447109997,11.647350631642553
PV_0928,738.4564868522252,350,73.12194423265781,6.511733739018823
PV_0929,419.204532618222,450,40.30596907303087,11.10722937846945
PV_0930,318.4526629619005,350,38.98899439334089,8.823543011835692
PV_0931,909.6907012794044,400,87.86220087239009,10.6136588779319
PV_0932,1036.7418535980191,300,99.39372915501812,11.872105305683714
PV_0933,646.8366549572829,300,74.79670993745987,6.307243502549966
PV_0934,345.927392971058,300,34.193546053793455,11.689083883260745
PV_0935,431.4612275414636,300,50.98594596542718,7.115855159219363
PV_0936,215.63207506534675,450,27.610107582053587,7.0840952378953785
PV_0937,977.153985576424,300,93.7764110350036,6.7230968340360455
PV_0938,300.08842045662,300,35.393735125559594,8.33126085878068
PV_0939,690.0390041871156,300,67.59272452240971,5.233160345427897
PV_0940,432.94693758412507,300,45.37590737405374,8.42969188286409
PV_0941,671.0513021384244,400,67.86313252069861,8.333638499280031
PV_0942,753.7073300990846,300,70.27218881674301,10.09521450083896
PV_0943,905.2805331511214,400,88.82529323664974,10.669199695500684
PV_0944,375.4580809965128,450,40.87345087249045,7.523530802499392
PV_0945,209.3464543597084,350,24.96927527297432,6.41866599481195
PV_0946,316.3527855584862,300,35.7649546274818,6.074679178536756
PV_0948,942.806565928138,350,88.80022038635117,4.461180657592199
PV_0949,707.801136844762,450,71.05923067732883,6.739583830677707
PV_0950,710.4393313686054,350,68.55995247704278,6.161981537046266
PV_0951,765.2811733643172,400,76.94370436077602,11.73133908693126
PV_0952,349.06558682993216,350,41.38434422751975,8.46167061000035
PV_0953,977.2501540362158,350,97.68778517631938,6.77821631224406
PV_0954,555.9549461582621,350,56.81726055970425,8.643740807949568
PV_0955,525.6677490120728,300,56.35339567792096,5.113573610765564
PV_0956,641.080049490412,300,64.73697305553237,7.552349993617623
PV_0957,239.9210717587968,400,33.632970554155264,9.00987457136851
PV_0958,341.34086344266746,400,37.21689242360491,7.911182654339611
PV_0959,827.3285739624149,300,82.18544206899848,7.214230405234594
PV_0960,270.3788677363575,400,32.49546051729869,11.950787111197585
PV_0961,712.67929304643,300,70.4172694661753,11.042518097191415
PV_0962,408.5467432291228,450,44.95585438559637,8.987247665275522
PV_0963,530.9012719356801,350,55.75720910559951,8.555018889458262
PV_0964,445.38967625509486,350,47.56754987387817,8.965283838596672
PV_0965,502.3218089952068,400,53.23413672251889,5.610496862579466
PV_0966,811.1890194066086,300,82.8963617934672,7.161101946114549
PV_0967,452.5534582796988,300,50.93066816781245,4.3156762631271945
PV_0968,681.4439442523626,400,70.09562174269307,7.804368299894613
PV_0969,604.6428418692346,300,60.25579274382528,8.344196671661305
PV_0970,764.1204905582509,450,72.72713962688051,5.821997888825677
PV_0971,996.3052784260444,350,97.07420006180816,11.712230777324107
PV_0972,822.6862826287128,400,82.11845100476506,11.275636887497935
PV_0973,382.6993218021432,400,46.21111904255963,9.777145883647249
PV_0974,226.505664802092,300,27.743029943254747,8.2670930301229
PV_0975,422.9244376548513,400,45.3747055622615,10.95975327718148
PV_0976,705.8162410952166,450,65.89567008677983,5.045218750587703
PV_0977,243.7119414616128,300,29.734337259084903,10.32407835419908
PV_0978,621.911310121051,300,65.35388763673795,4.998566511734786
PV_0979,707.3164215793558,300,68.95565738617475,10.353685300395243
PV_0980,484.1073071944167,300,52.75032059952749,6.206140546010856
PV_0981,855.2753731839487,450,82.22214895564112,11.016724648145512
PV_0982,290.60851516370604,300,35.51186635946892,11.552336750603182
PV_0983,263.86711447543746,400,29.55947625587301,5.190367755240925
PV_0985,621.1676187752687,350,55.32140766864604,11.84789902530148
PV_0986,785.1420369635756,350,76.26983274649898,7.867259487785173
PV_0987,569.6032378131843,400,54.34009210483282,10.90838018011636
PV_0988,409.4417282532408,400,47.817533192892505,8.709852177050559
PV_0989,896.2369700230697,450,88.12366083387221,7.002639263356815
PV_0990,879.5034971236323,350,85.92447471042395,6.286268444206962
PV_0991,790.4920002262628,350,80.99433558713079,5.625784728688698
PV_0992,431.3233666454683,350,44.29019486280272,10.094385531021578
PV_0993,701.696066838724,350,74.01257367608045,7.092324054584223
PV_0994,506.8278123990228,350,55.4108429645679,8.09020369760601
PV_0995,277.84476232763905,300,33.02541657980196,7.938603840009455
PV_0996,979.7165391429064,400,96.1149561951044,8.61823223386505
PV_0997,316.2958362811172,300,34.11941230286588,10.924617164996418
PV_0998,1007.701750747682,350,93.5933634097338,11.845914748667436
PV_0999,579.1049070142624,450,57.70244278811305,7.260673668590535
